Sample,treatment,timepoint,total reads (R1+R2),prop_mapped
STM_0716_E_M_E002,U,0,100000000,0.015945
STM_0716_E_M_E003,U,0,83017516,0.015797870897510353
STM_0716_E_M_E004,U,0,95400980,0.01547049097399209
STM_0716_E_M_E025,U,14,78691532,0.2731767885774546
STM_0716_E_M_E027,U,14,100000000,0.11226000000000001
STM_0716_E_M_E033,C,14,83168470,0.39147527903302776
STM_0716_E_M_E034,C,14,100000000,1.105661
STM_0716_E_M_E035,C,14,99235256,1.9232469153906349
STM_0716_E_M_E050,U,21,91608098,0.0807472282635974
STM_0716_E_M_E051,U,21,93570944,0.03306688879830046
STM_0716_E_M_E052,U,21,80222604,0.03654082333203744
STM_0716_E_M_E058,C,21,100000000,0.36065400000000003
STM_0716_E_M_E059,C,21,84557472,0.33112390114974105
STM_0716_E_M_E060,C,21,100000000,0.253116
STM_0716_E_M_E062,U,35,88283948,0.07145919663674308
STM_0716_E_M_E063,U,35,100000000,0.035913
STM_0716_E_M_E064,U,35,100000000,0.027733
STM_0716_E_M_E070,C,35,63972406,1.284621059898857
STM_0716_E_M_E071,C,35,61512094,0.6162284119282299
STM_0716_E_M_E072,C,35,100000000,0.379913
STM_0716_E_M_E121,U,7,100000000,0.308666
STM_0716_E_M_E122,U,7,100000000,0.058696
STM_0716_E_M_E123,U,7,100000000,0.289429
STM_0716_E_M_E129,C,7,78973250,0.30939083803693024
STM_0716_E_M_E130,C,7,100000000,0.135315
STM_0716_E_M_E131,C,7,100000000,0.24366600000000002
