qseqid	sseqid	pident	length	mismatch	gapopen	qstart	qend	sstart	send	evalue	bitscore
contig_1022629	3300022830_3|3300022830.a:Ga0224515_1001538	86.004	3844	463	51	32419	36233	1	3798	0.0	4048	48048	3798	3306	3306
contig_1022629	3300022830_3|3300022830.a:Ga0224515_1002016	91.016	2983	254	10	25159	28138	2972	1	0.0	4012	48048	3334	2715	2715
contig_1022629	Add_STM_0716_E_M_E026_A_bin.32|Add_STM_0716_E_M_E026_A_bin.32_k121_1414028	88.995	1981	182	22	45860	47828	3	1959	0.0	2418	48048	9802	1763	1763
contig_1022629	Add_STM_0716_E_M_E026_A_bin.32|Add_STM_0716_E_M_E026_A_bin.32_k121_1103220	81.531	2404	411	27	31611	33996	16333	13945	0.0	1949	48048	65758	1960	1960
contig_1022629	Add_STM_0716_E_M_E026_A_bin.32|Add_STM_0716_E_M_E026_A_bin.32_k121_1103220	81.360	1368	226	21	11859	13212	37074	35722	0.0	1086	48048	65758	1113	1113
contig_1022629	Add_STM_0716_E_M_E026_A_bin.32|Add_STM_0716_E_M_E026_A_bin.32_k121_1103220	94.118	136	3	1	40494	40624	4847	4712	2.73e-45	202	48048	65758	128	128
contig_1022629	MGYG000003355|MGYG000003355_50	80.125	800	133	21	38722	39509	5738	4953	5.03e-157	573	48048	13761	641	641
contig_1022629	MGYG000136259|MGYG000136259_1_197	80.151	796	134	19	38719	39502	78206	78989	5.03e-157	573	48048	83943	638	638
contig_1022629	3300022830_3|3300022830.a:Ga0224515_1002119	86.486	370	42	7	44860	45226	522	886	9.04e-105	399	48048	3247	320	320
contig_1022629	3300027778_7|3300027778.a:Ga0209464_10004617	90.262	267	21	4	40219	40482	778	1042	4.29e-88	344	48048	4251	241	241
contig_1022629	3300027778_7|3300027778.a:Ga0209464_10004617	88.344	163	9	6	40485	40637	1221	1383	7.66e-41	187	48048	4251	144	144
contig_1022629	3300027778_7|3300027778.a:Ga0209464_10004617	95.349	43	2	0	41231	41273	1887	1929	2.89e-05	69.4	48048	4251	41	41
contig_1022629	2516493007|CbeiG117_gi396348425.96	81.185	287	51	3	867	1151	85174	84889	4.51e-53	228	48048	163881	233	233
contig_1022629	2516493007|CbeiG117_gi398329319.4	81.185	287	51	3	867	1151	85174	84889	4.51e-53	228	48048	241850	233	233
contig_1022629	3300022830_3|3300022830.a:Ga0224515_1001547	81.132	159	25	5	10878	11034	2028	2183	2.19e-21	122	48048	3789	129	129
contig_1022629	3300023232_1|3300023232.a:Ga0224516_1002252	86.598	97	10	3	5010	5105	133	39	7.93e-16	104	48048	3365	84	84
contig_1022629	Add_STM_0716_E_M_E050_E054_E058_D_bin.80|Add_STM_0716_E_M_E050_E054_E058_D_bin.80_k121_776805	84.615	104	12	4	16087	16187	7647	7545	1.03e-14	100	48048	13845	88	88
contig_1022629	MGYG000106993|MGYG000106993_176	81.982	111	20	0	18476	18586	7159	7049	4.78e-13	95.3	48048	7281	91	91
contig_1022629	3300022830_3|3300022830.a:Ga0224515_1002421	85.556	90	11	2	41186	41273	1662	1573	1.72e-12	93.5	48048	3064	77	77
contig_1022629	3300022830_3|3300022830.a:Ga0224515_1001538	86.004	3844	463	51	32419	36233	1	3798	0.0	4048	48048	3798	3306	3306
contig_1022629	3300022830_3|3300022830.a:Ga0224515_1002016	91.016	2983	254	10	25159	28138	2972	1	0.0	4012	48048	3334	2715	2715
contig_1022629	Add_STM_0716_E_M_E026_A_bin.32|Add_STM_0716_E_M_E026_A_bin.32_k121_1414028	88.995	1981	182	22	45860	47828	3	1959	0.0	2418	48048	9802	1763	1763
contig_1022629	Add_STM_0716_E_M_E026_A_bin.32|Add_STM_0716_E_M_E026_A_bin.32_k121_1103220	81.531	2404	411	27	31611	33996	16333	13945	0.0	1949	48048	65758	1960	1960
contig_1022629	Add_STM_0716_E_M_E026_A_bin.32|Add_STM_0716_E_M_E026_A_bin.32_k121_1103220	81.360	1368	226	21	11859	13212	37074	35722	0.0	1086	48048	65758	1113	1113
contig_1022629	Add_STM_0716_E_M_E026_A_bin.32|Add_STM_0716_E_M_E026_A_bin.32_k121_1103220	94.118	136	3	1	40494	40624	4847	4712	2.73e-45	202	48048	65758	128	128
contig_1022629	MGYG000003355|MGYG000003355_50	80.125	800	133	21	38722	39509	5738	4953	5.03e-157	573	48048	13761	641	641
contig_1022629	MGYG000136259|MGYG000136259_1_197	80.151	796	134	19	38719	39502	78206	78989	5.03e-157	573	48048	83943	638	638
contig_1022629	3300022830_3|3300022830.a:Ga0224515_1002119	86.486	370	42	7	44860	45226	522	886	9.04e-105	399	48048	3247	320	320
contig_1022629	3300027778_7|3300027778.a:Ga0209464_10004617	90.262	267	21	4	40219	40482	778	1042	4.29e-88	344	48048	4251	241	241
contig_1022629	3300027778_7|3300027778.a:Ga0209464_10004617	88.344	163	9	6	40485	40637	1221	1383	7.66e-41	187	48048	4251	144	144
contig_1022629	3300027778_7|3300027778.a:Ga0209464_10004617	95.349	43	2	0	41231	41273	1887	1929	2.89e-05	69.4	48048	4251	41	41
contig_1022629	2516493007|CbeiG117_gi396348425.96	81.185	287	51	3	867	1151	85174	84889	4.51e-53	228	48048	163881	233	233
contig_1022629	2516493007|CbeiG117_gi398329319.4	81.185	287	51	3	867	1151	85174	84889	4.51e-53	228	48048	241850	233	233
contig_1022629	3300022830_3|3300022830.a:Ga0224515_1001547	81.132	159	25	5	10878	11034	2028	2183	2.19e-21	122	48048	3789	129	129
contig_1022629	3300023232_1|3300023232.a:Ga0224516_1002252	86.598	97	10	3	5010	5105	133	39	7.93e-16	104	48048	3365	84	84
contig_1022629	Add_STM_0716_E_M_E050_E054_E058_D_bin.80|Add_STM_0716_E_M_E050_E054_E058_D_bin.80_k121_776805	84.615	104	12	4	16087	16187	7647	7545	1.03e-14	100	48048	13845	88	88
contig_1022629	MGYG000106993|MGYG000106993_176	81.982	111	20	0	18476	18586	7159	7049	4.78e-13	95.3	48048	7281	91	91
contig_1022629	3300022830_3|3300022830.a:Ga0224515_1002421	85.556	90	11	2	41186	41273	1662	1573	1.72e-12	93.5	48048	3064	77	77
contig_1170831	GCA_002069975.1|MWCJ01000142.1	81.481	513	87	8	49195	49703	2591	2083	1.91e-108	414	283801	2631	418	418
contig_1170831	GCA_002069975.1|MWCJ01000188.1	80.550	545	92	12	49162	49699	8	545	3.19e-106	407	283801	1108	439	439
contig_1170831	GCA_023229385.1|JALNZI010000036.1	84.091	176	26	2	227091	227265	10127	9953	1.64e-34	169	283801	11672	148	148
contig_1170831	GCA_018402525.1|JAGYIR010000012.1	80.095	211	22	12	247374	247574	28031	28231	1.29e-25	139	283801	74354	169	169
contig_1170831	GCA_018053685.1|JAGPKW010000001.1	93.478	92	4	2	247373	247463	10116	10026	1.66e-24	135	283801	29081	86	86
contig_1170831	3300005689_9|3300005689.a:Ga0074438_1004212	91.753	97	7	1	247366	247461	3609	3705	5.98e-24	134	283801	4266	89	89
contig_1170831	GCA_016938695.1|JAFGUC010000012.1	91.489	94	8	0	247366	247459	175	82	7.74e-23	130	283801	1257	86	86
contig_1170831	3300027225_6|3300027225.a:Ga0208025_1002027	82.639	144	21	4	35788	35929	2735	2876	3.60e-21	124	283801	4215	119	119
contig_1170831	GCA_003560665.1|PWKK01000011.1	88.889	99	8	3	112542	112640	1743	1648	1.67e-19	119	283801	2583	88	88
contig_1170831	3300025737_46|3300025737.a:Ga0208694_1027317	90.110	91	9	0	247373	247463	901	811	1.67e-19	119	283801	3056	82	82
contig_1093732	Add_STM_0716_E_M_E026_A_bin.32|Add_STM_0716_E_M_E026_A_bin.32_k121_1414028	89.122	4716	419	62	29205	33880	4664	3	0.0	5781	70684	9802	4203	4203
contig_1093732	3300022830_3|3300022830.a:Ga0224515_1001538	86.004	3844	463	51	43507	47321	3798	1	0.0	4048	70684	3798	3306	3306
contig_1093732	3300022830_3|3300022830.a:Ga0224515_1002016	91.016	2983	254	10	51602	54581	1	2972	0.0	4012	70684	3334	2715	2715
contig_1093732	Add_STM_0716_E_M_E026_A_bin.32|Add_STM_0716_E_M_E026_A_bin.32_k121_1103220	81.531	2404	411	27	45744	48129	13945	16333	0.0	1949	70684	65758	1960	1960
contig_1093732	Add_STM_0716_E_M_E026_A_bin.32|Add_STM_0716_E_M_E026_A_bin.32_k121_1103220	81.360	1368	226	21	66528	67881	35722	37074	0.0	1086	70684	65758	1113	1113
contig_1093732	Add_STM_0716_E_M_E026_A_bin.32|Add_STM_0716_E_M_E026_A_bin.32_k121_1103220	94.118	136	3	1	39116	39246	4712	4847	4.02e-45	202	70684	65758	128	128
contig_1093732	MGYG000003355|MGYG000003355_50	80.125	800	133	21	40231	41018	4953	5738	7.40e-157	573	70684	13761	641	641
contig_1093732	MGYG000136259|MGYG000136259_1_197	80.151	796	134	19	40238	41021	78989	78206	7.40e-157	573	70684	83943	638	638
contig_1093732	3300022830_3|3300022830.a:Ga0224515_1002119	86.486	370	42	7	34514	34880	886	522	1.33e-104	399	70684	3247	320	320
contig_1093732	3300027778_7|3300027778.a:Ga0209464_10004617	90.262	267	21	4	39258	39521	1042	778	6.32e-88	344	70684	4251	241	241
contig_1093732	3300027778_7|3300027778.a:Ga0209464_10004617	88.344	163	9	6	39103	39255	1383	1221	1.13e-40	187	70684	4251	144	144
contig_1093732	3300027778_7|3300027778.a:Ga0209464_10004617	95.349	43	2	0	38467	38509	1929	1887	4.26e-05	69.4	70684	4251	41	41
contig_1093732	Add_STM_0716_E_M_E050_E054_E058_D_bin.80|Add_STM_0716_E_M_E050_E054_E058_D_bin.80_k121_9465073	100.000	115	0	0	1	115	115	1	1.86e-48	213	70684	4285	115	115
contig_1093732	3300022830_3|3300022830.a:Ga0224515_1001547	81.132	159	25	5	68706	68862	2183	2028	3.22e-21	122	70684	3789	129	129
contig_1093732	Add_STM_0716_E_M_E050_E054_E058_D_bin.80|Add_STM_0716_E_M_E050_E054_E058_D_bin.80_k121_776805	84.615	104	12	4	63553	63653	7545	7647	1.51e-14	100	70684	13845	88	88
contig_1093732	MGYG000106993|MGYG000106993_176	81.982	111	20	0	61154	61264	7049	7159	7.03e-13	95.3	70684	7281	91	91
contig_1093732	3300022830_3|3300022830.a:Ga0224515_1002421	85.556	90	11	2	38467	38554	1573	1662	2.53e-12	93.5	70684	3064	77	77
contig_776767	2585427599|GQ39DRAFT_scf7180000000022_quiver_dupTrim_8682.1	87.838	3511	366	38	3887	7366	6352138	6355618	0.0	4061	7366	6727030	3084	3084
contig_776767	2585427599|GQ39DRAFT_scf7180000000022_quiver_dupTrim_8682.1	91.638	574	48	0	2791	3364	1633661	1634234	0.0	795	7366	6727030	526	526
contig_776767	2585427599|GQ39DRAFT_scf7180000000022_quiver_dupTrim_8682.1	87.646	599	66	8	2247	2842	6349684	6350277	0.0	689	7366	6727030	525	525
contig_776767	2585427599|GQ39DRAFT_scf7180000000022_quiver_dupTrim_8682.1	81.516	752	125	13	1934	2678	1632904	1633648	7.57e-168	606	7366	6727030	613	613
contig_776767	2585427599|GQ39DRAFT_scf7180000000022_quiver_dupTrim_8682.1	85.143	175	26	0	2504	2678	3125066	3124892	1.96e-39	180	7366	6727030	149	149
contig_776767	2585427599|GQ39DRAFT_scf7180000000022_quiver_dupTrim_8682.1	90.991	111	10	0	2791	2901	3124879	3124769	1.53e-30	150	7366	6727030	101	101
contig_776767	2585427599|GQ39DRAFT_scf7180000000022_quiver_dupTrim_8682.1	86.517	89	11	1	2619	2706	3082828	3082740	2.03e-14	97.1	7366	6727030	77	77
contig_776767	2585427599|GQ39DRAFT_scf7180000000022_quiver_dupTrim_8682.1	100.000	42	0	0	2670	2711	2300369	2300328	7.34e-09	78.7	7366	6727030	42	42
contig_776767	2585427599|GQ39DRAFT_scf7180000000024_quiver_dupTrim_7669.2	87.156	1635	164	28	5745	7366	36656	35055	0.0	1814	7366	51421	1425	1425
contig_776767	2597489942|Ga0047382_gi571044850.2	86.106	1641	185	36	5742	7366	63318	64931	0.0	1727	7366	81846	1413	1413
contig_776767	GCF_019733355.1|NZ_JAIHLQ010000008.1	83.824	680	97	10	2164	2838	120776	121447	3.47e-176	634	7366	192688	570	570
contig_776767	2597489942|Ga0047382_gi571044851.1	82.079	731	115	11	2225	2949	1305918	1306638	5.85e-169	610	7366	6226370	600	600
contig_776767	2597489942|Ga0047382_gi571044851.1	84.760	584	78	8	2259	2838	883655	884231	2.14e-158	575	7366	6226370	495	495
contig_776767	2597489942|Ga0047382_gi571044851.1	84.356	505	73	6	2159	2660	3925540	3925039	7.96e-133	490	7366	6226370	426	426
contig_776767	2597489942|Ga0047382_gi571044851.1	88.732	71	8	0	7276	7346	886621	886691	1.22e-11	87.9	7366	6226370	63	63
contig_776767	GCF_001952935.1|NZ_CP018319.1	83.502	594	89	7	2254	2844	4991669	4992256	1.67e-149	545	7366	6126864	496	496
contig_776767	GCF_900105115.1|NZ_FNRV01000001.1	90.097	414	41	0	2247	2660	5205192	5205605	2.80e-147	538	7366	6476037	373	373
contig_776767	GCF_900105115.1|NZ_FNRV01000001.1	89.706	408	42	0	2253	2660	1276097	1275690	2.82e-142	521	7366	6476037	366	366
contig_776767	GCF_900105115.1|NZ_FNRV01000001.1	86.286	175	24	0	2504	2678	1264796	1264622	9.04e-43	191	7366	6476037	151	151
contig_776767	GCF_900105115.1|NZ_FNRV01000001.1	90.909	110	10	0	2791	2900	1264609	1264500	5.52e-30	148	7366	6476037	100	100
contig_776767	GCF_900105115.1|NZ_FNRV01000001.1	100.000	42	0	0	2670	2711	452483	452442	7.34e-09	78.7	7366	6476037	42	42
contig_776767	GCF_017980685.1|NZ_JACXXO010000024.1	86.682	443	59	0	2212	2654	75117	74675	2.21e-133	492	7366	75572	384	384
contig_776767	Add_STM_0716_E_M_E050_E054_E058_D_bin.110|Add_STM_0716_E_M_E050_E054_E058_D_bin.110_k121_9223746	88.337	403	47	0	2258	2660	5374	5776	3.70e-131	484	7366	6273	356	356
contig_776767	GCF_019733355.1|NZ_JAIHLQ010000003.1	86.874	419	54	1	2260	2678	125353	125770	3.73e-126	468	7366	280946	364	364
contig_776767	GCF_004682045.1|NZ_QUZT01000029.1	81.754	570	89	13	2258	2822	41045	40486	1.73e-124	462	7366	77068	466	466
contig_776767	GCF_902498195.1|NZ_CABVIY010000004.1	84.483	464	66	6	2904	3364	277139	277599	1.04e-121	453	7366	750154	392	392
contig_776767	GCF_017980685.1|NZ_JACXXO010000001.1	82.892	491	80	3	2175	2663	959042	958554	2.92e-117	438	7366	1038206	407	407
contig_776767	GCF_019956575.1|NZ_JAHBDR010000081.1	84.000	450	72	0	2915	3364	27262	27711	1.36e-115	433	7366	41124	378	378
contig_776767	GCF_002113025.1|NZ_NEJH01000002.1	84.035	451	71	1	2915	3364	479752	479302	1.36e-115	433	7366	955465	379	379
contig_776767	GCA_016937595.1|JAFHKH010000017.1	83.514	461	74	2	2905	3364	63693	64152	1.76e-114	429	7366	67134	385	385
contig_776767	GCF_002906155.1|NZ_MUJK01000001.1	83.592	451	73	1	2915	3364	245062	245512	2.94e-112	422	7366	1428571	377	377
contig_776767	GCF_019956415.1|NZ_JAHBDK010000012.1	82.869	467	79	1	2903	3368	50925	51391	3.81e-111	418	7366	157684	387	387
contig_776767	2619619019|Ga0070643_11	83.153	463	73	4	2905	3364	5833151	5833611	3.81e-111	418	7366	6902809	385	385
contig_776767	2917843420|Ga0336163_22	83.153	463	73	4	2905	3364	476402	475942	3.81e-111	418	7366	838866	385	385
contig_776767	GCF_002813455.1|NZ_PHHE01000001.1	83.153	463	73	4	2905	3364	5833151	5833611	3.81e-111	418	7366	6902809	385	385
contig_776767	GCF_024749285.1|NZ_CP087196.1	82.627	472	75	6	2897	3364	4067705	4067237	6.37e-109	411	7366	6591181	390	390
contig_776767	GCF_008369325.1|NZ_VOBI01000019.1	82.289	463	81	1	2905	3366	64248	63786	1.38e-105	399	7366	142883	381	381
contig_776767	GCF_900187615.1|NZ_FYDO01000011.1	82.112	464	80	3	2903	3364	111424	110962	6.42e-104	394	7366	180848	381	381
contig_776767	GCF_016651105.1|NZ_JAEKEL010000001.1	81.681	464	80	5	2904	3364	4374256	4373795	5.00e-100	381	7366	5280705	379	379
contig_776767	3300011763_1|3300011763.a:Ga0120798_100016	83.619	409	63	4	14	420	96201	95795	5.00e-100	381	7366	167623	342	342
contig_776767	Add_STM_0716_E_M_E026_E050_A_bin.52|Add_STM_0716_E_M_E026_E050_A_bin.52_k121_2976818	85.255	373	47	8	5742	6108	2477	2847	6.46e-99	377	7366	15076	318	318
contig_776767	2654587785|Ga0100785_128	81.290	465	85	2	2904	3367	177917	177454	2.32e-98	375	7366	661762	378	378
contig_776767	GCF_001297125.1|NZ_LHPC01000028.1	81.290	465	85	2	2904	3367	177917	177454	2.32e-98	375	7366	661762	378	378
contig_776767	Add_STM_0716_E_M_E030_A_bin.66|Add_STM_0716_E_M_E030_A_bin.66_k121_3041533	84.514	381	53	6	5745	6120	6456	6077	3.01e-97	372	7366	14122	322	322
contig_776767	2511231018|PMI32_GM60_TGACCA_L003_R1_001_paired_trimmed_paired_contig_15.15	81.385	462	80	6	2906	3364	3697	4155	3.01e-97	372	7366	10268	376	376
contig_776767	2511231021|PMI35_GM78_CGATGT_L004_R1_001_paired_trimmed_paired_contig_39.39	84.533	375	58	0	2244	2618	2152	2526	3.01e-97	372	7366	47214	317	317
contig_776767	GCF_000282475.1|NZ_AKJF01000037.1	84.533	375	58	0	2244	2618	2152	2526	3.01e-97	372	7366	47214	317	317
contig_776767	GCF_902497875.1|NZ_CABVHY010000024.1	81.116	466	79	9	2904	3364	53948	53487	5.03e-95	364	7366	120528	378	378
contig_776767	2643221565|Ga0102168_124	81.292	449	83	1	2917	3364	315493	315045	1.81e-94	363	7366	448775	365	365
contig_776767	GCF_001427125.1|NZ_LMGK01000024.1	81.292	449	83	1	2917	3364	315493	315045	1.81e-94	363	7366	448775	365	365
contig_776767	GCF_024748615.1|NZ_CP087168.1	80.778	463	85	3	2904	3364	2881649	2881189	2.34e-93	359	7366	5714883	374	374
contig_776767	GCF_902497875.1|NZ_CABVHY010000048.1	80.769	468	80	10	2903	3364	32148	31685	8.42e-93	357	7366	35100	378	378
contig_776767	GCF_008801475.1|NZ_VZPP01000006.1	80.426	470	86	6	2903	3369	203209	202743	1.09e-91	353	7366	437957	378	378
contig_776767	2597489885|Ga0036898_gi389263524.1	80.472	466	82	6	2904	3364	1393360	1393821	5.07e-90	348	7366	6980251	375	375
contig_776767	2986559242|Ga0439784_01	80.426	470	79	10	2904	3366	1328696	1328233	1.82e-89	346	7366	7105260	378	378
contig_776767	2917153223|Ga0439689_01	80.426	470	79	10	2904	3366	1328695	1328232	1.82e-89	346	7366	7105297	378	378
contig_776767	GCF_012935755.1|NZ_CP052862.1	80.426	470	79	10	2904	3366	1328696	1328233	1.82e-89	346	7366	7105260	378	378
contig_776767	2814123407|Ga0325243_12	80.000	470	81	10	2904	3364	4415398	4414933	3.94e-86	335	7366	6778052	376	376
contig_776767	GCF_002251635.1|NZ_NMOJ01000241.1	81.119	429	72	7	2904	3325	19967	20393	3.94e-86	335	7366	23436	348	348
contig_776767	GCF_021728295.1|NZ_JAKJXE010000023.1	80.088	457	81	9	2902	3352	54518	54970	5.10e-85	331	7366	64075	366	366
contig_776767	GCF_902497875.1|NZ_CABVHY010000029.1	80.000	410	76	6	2958	3364	33910	33504	5.18e-75	298	7366	98157	328	328
contig_776767	GCF_004364335.1|NZ_SOCR01000004.1	80.149	403	74	6	2902	3300	218333	218733	1.86e-74	296	7366	513133	323	323
contig_776767	GCF_019145435.1|NZ_JAHSTS010000002.1	80.362	387	74	2	2921	3306	341710	341325	2.41e-73	292	7366	2432822	311	311
contig_776767	3300014630_1|3300014630.a:Ga0121357_100064	81.977	344	62	0	2316	2659	36135	35792	2.41e-73	292	7366	49589	282	282
contig_776767	GCA_002419965.1|DIHC01000055.1	82.111	341	61	0	2316	2656	13449	13789	2.41e-73	292	7366	13950	280	280
contig_776767	3300014630_1|3300014630.a:Ga0121357_100004	81.269	331	62	0	2316	2646	21288	20958	4.06e-66	268	7366	558829	269	269
contig_776767	GCA_002419965.1|DIHC01000031.1	81.269	331	62	0	2316	2646	21205	20875	4.06e-66	268	7366	164178	269	269
contig_776767	GCF_017980685.1|NZ_JACXXO010000039.1	86.087	230	32	0	188	417	1186	957	5.29e-60	248	7366	2971	198	198
contig_776767	Add_Fen.Labelled.R1.T2.F4.trimmomatic.metaspades_bin.28_74.91_1.75|Add_Fen.Labelled.R1.T2.F4.trimmomatic.metaspades_bin.28_74.91_1.75_NODE_1152_length_10674_cov_5.845466	89.418	189	17	3	5742	5928	9500	9687	4.12e-56	235	7366	10674	169	169
contig_776767	GCF_006227205.1|NZ_VCNG01000011.1	81.690	284	47	5	2905	3185	90930	91211	5.32e-55	231	7366	257690	232	232
contig_776767	GCF_017980685.1|NZ_JACXXO010000011.1	85.526	228	24	9	2616	2839	49187	49409	1.91e-54	230	7366	180938	195	195
contig_776767	Add_STM_0716_E_M_E050_E054_E058_D_bin.110|Add_STM_0716_E_M_E050_E054_E058_D_bin.110_k121_3637603	94.558	147	7	1	2253	2399	5758	5613	2.48e-53	226	7366	11759	139	139
contig_776767	2511231013|PMI27_GM41_ACAGTG_L006_R1_006_paired_trimmed_paired_contig_161.161	89.286	112	12	0	3099	3210	55657	55546	9.23e-28	141	7366	88976	100	100
contig_776767	GCF_000282315.2|NZ_AKJN02000005.1	89.286	112	12	0	3099	3210	217720	217831	9.23e-28	141	7366	273310	100	100
contig_776767	Add_Fen.Labelled.R1.T2.F4.trimmomatic.metaspades_bin.28_74.91_1.75|Add_Fen.Labelled.R1.T2.F4.trimmomatic.metaspades_bin.28_74.91_1.75_NODE_433_length_17730_cov_7.330919	86.517	89	11	1	2619	2706	17512	17600	2.03e-14	97.1	7366	17730	77	77
contig_776767	GCF_900143095.1|NZ_FRDA01000009.1	86.747	83	9	2	5611	5693	186177	186097	9.43e-13	91.6	7366	233147	72	72
contig_776767	GCF_008807375.1|NZ_CP043311.1	80.159	126	22	3	3060	3185	2292514	2292636	9.43e-13	91.6	7366	6056953	101	101
contig_776767	GCA_016198545.1|JACQIJ010000108.1	88.312	77	5	4	3077	3151	3889	3815	3.39e-12	89.8	7366	6566	68	68
contig_776767	Add_STM_0716_E_M_E050_E054_E058_D_bin.110|Add_STM_0716_E_M_E050_E054_E058_D_bin.110_k121_3358183	100.000	42	0	0	2670	2711	5984	6025	7.34e-09	78.7	7366	12557	42	42
contig_776767	GCF_900590755.1|NZ_UUOC01000047.1	95.349	43	2	0	2621	2663	63754	63712	4.42e-06	69.4	7366	227041	41	41
contig_776767	Add_Fen.Labelled.R1.T2.F4.trimmomatic.metaspades_bin.28_74.91_1.75|Add_Fen.Labelled.R1.T2.F4.trimmomatic.metaspades_bin.28_74.91_1.75_NODE_388_length_18936_cov_8.358456	95.238	42	0	1	2670	2711	72	111	5.71e-05	65.8	7366	18936	40	40
