treatment,day,taxon_grouped,taxon_grouped_abundance,taxon_grouped_prop_abundance,color
catechin,7,Other,178.0860013,0.01342633453,black
catechin,7,g__Clostridium,3649.791209,0.2751665903,#9E0B0F
catechin,7,g__Clostridium__contig_507316,216.4328183,0.01631739385,#DC143C
catechin,7,g__Clostridium__contig_588865,474.9953115,0.03581104583,#FF4500
catechin,7,g__Clostridium__contig_755337,379.058671,0.02857815037,#B22222
catechin,7,g__Fen-1039,34.73865013,0.002619030887,#FF8C00
catechin,7,g__JAGFXR01,0,0,#845EC2
catechin,7,g__JAGFXR01__contig_591846,85.65529804,0.006457760171,#5C4188
catechin,7,g__PALSA-129,70.29701928,0.005299862374,#004E89
catechin,7,g__Paludibacter,0,0,#FF1744
catechin,7,g__Paludibacter__contig_724521,62.97280092,0.00474767183,#E91E63
catechin,7,g__Pseudomonas_E,12.35028383,0.0009311177807,#FFD700
catechin,7,g__Terracidiphilus,4.347021085,0.0003277324376,#32CD32
catechin,7,g__UBA1794,0,0,#FF69B4
catechin,7,no_assignment,3609.458514,0.2721258108,#808080
catechin,7,no_assignment__contig_1022629,2184.301231,0.1646797549,#DCDCDC
catechin,7,no_assignment__contig_1093732,1220.084145,0.09198509577,#D3D3D3
catechin,7,no_assignment__contig_709158,849.1611497,0.06402031371,#C0C0C0
catechin,7,no_assignment__contig_713418,79.5172839,0.005995000433,#708090
catechin,7,no_assignment__contig_773239,73.33987173,0.005529270382,#353839
catechin,7,no_assignment__contig_776767,0,0,#A9A9A9
catechin,7,no_assignment__contig_861080,79.34569156,0.005982063672,#696969
catechin,14,Other,6296.502836,0.0385392947,black
catechin,14,g__Clostridium,3402.574107,0.02082629193,#9E0B0F
catechin,14,g__Clostridium__contig_507316,4.972448632,3.04E-05,#DC143C
catechin,14,g__Clostridium__contig_588865,35.39824606,0.0002166636738,#FF4500
catechin,14,g__Clostridium__contig_755337,9.175163921,5.62E-05,#B22222
catechin,14,g__Fen-1039,15.10899455,9.25E-05,#FF8C00
catechin,14,g__JAGFXR01,801.9530223,0.004908550772,#845EC2
catechin,14,g__JAGFXR01__contig_591846,65717.29514,0.4022388729,#5C4188
catechin,14,g__PALSA-129,72.81997351,0.0004457125633,#004E89
catechin,14,g__Paludibacter,3.214340166,1.97E-05,#FF1744
catechin,14,g__Paludibacter__contig_724521,248.2585794,0.001519527713,#E91E63
catechin,14,g__Pseudomonas_E,880.9214597,0.005391896521,#FFD700
catechin,14,g__Terracidiphilus,64.42657697,0.0003943387148,#32CD32
catechin,14,g__UBA1794,139.7777778,0.0008555442777,#FF69B4
catechin,14,no_assignment,13540.90759,0.08288045629,#808080
catechin,14,no_assignment__contig_1022629,233.3474738,0.001428260622,#DCDCDC
catechin,14,no_assignment__contig_1093732,129.0623382,0.000789957793,#D3D3D3
catechin,14,no_assignment__contig_709158,73.32594845,0.0004488095074,#C0C0C0
catechin,14,no_assignment__contig_713418,17774.37331,0.1087924248,#708090
catechin,14,no_assignment__contig_773239,32023.28849,0.1960064157,#353839
catechin,14,no_assignment__contig_776767,0,0,#A9A9A9
catechin,14,no_assignment__contig_861080,21912.07324,0.1341182352,#696969
catechin,21,Other,642.4228496,0.01386065166,black
catechin,21,g__Clostridium,456.1608358,0.009841938919,#9E0B0F
catechin,21,g__Clostridium__contig_507316,0,0,#DC143C
catechin,21,g__Clostridium__contig_588865,68.78638485,0.0014841068,#FF4500
catechin,21,g__Clostridium__contig_755337,0,0,#B22222
catechin,21,g__Fen-1039,45.79581321,0.0009880716646,#FF8C00
catechin,21,g__JAGFXR01,719.6428364,0.01552671839,#845EC2
catechin,21,g__JAGFXR01__contig_591846,17110.08685,0.3691602094,#5C4188
catechin,21,g__PALSA-129,64.69269458,0.001395783019,#004E89
catechin,21,g__Paludibacter,4.254376558,9.18E-05,#FF1744
catechin,21,g__Paludibacter__contig_724521,138.6114235,0.002990623168,#E91E63
catechin,21,g__Pseudomonas_E,6026.739809,0.1300304639,#FFD700
catechin,21,g__Terracidiphilus,341.0302558,0.007357928793,#32CD32
catechin,21,g__UBA1794,185.70766,0.004006752231,#FF69B4
catechin,21,no_assignment,15102.26093,0.3258401817,#808080
catechin,21,no_assignment__contig_1022629,279.6504869,0.006033624096,#DCDCDC
catechin,21,no_assignment__contig_1093732,149.7555568,0.003231064412,#D3D3D3
catechin,21,no_assignment__contig_709158,80.98145527,0.001747222632,#C0C0C0
catechin,21,no_assignment__contig_713418,297.0902571,0.006409897419,#708090
catechin,21,no_assignment__contig_773239,133.0315157,0.002870233368,#353839
catechin,21,no_assignment__contig_776767,6.742684483,0.0001454773922,#A9A9A9
catechin,21,no_assignment__contig_861080,4495.231083,0.09698726037,#696969
catechin,35,Other,2898.646646,0.01861563121,black
catechin,35,g__Clostridium,6750.017369,0.04334982817,#9E0B0F
catechin,35,g__Clostridium__contig_507316,55.42951265,0.0003559783209,#DC143C
catechin,35,g__Clostridium__contig_588865,142.8988791,0.0009177223579,#FF4500
catechin,35,g__Clostridium__contig_755337,59.51979217,0.0003822468331,#B22222
catechin,35,g__Fen-1039,45.48772888,0.0002921303936,#FF8C00
catechin,35,g__JAGFXR01,537.1029534,0.003449371974,#845EC2
catechin,35,g__JAGFXR01__contig_591846,43273.92201,0.2779129268,#5C4188
catechin,35,g__PALSA-129,78.91719825,0.0005068204712,#004E89
catechin,35,g__Paludibacter,21.78552715,0.000139910582,#FF1744
catechin,35,g__Paludibacter__contig_724521,13.40108511,8.61E-05,#E91E63
catechin,35,g__Pseudomonas_E,625.4390823,0.004016682516,#FFD700
catechin,35,g__Terracidiphilus,979.9553428,0.006293449839,#32CD32
catechin,35,g__UBA1794,918.9045939,0.005901370926,#FF69B4
catechin,35,no_assignment,14100.28796,0.09055459074,#808080
catechin,35,no_assignment__contig_1022629,570.0380259,0.003660886946,#DCDCDC
catechin,35,no_assignment__contig_1093732,309.1910847,0.001985680875,#D3D3D3
catechin,35,no_assignment__contig_709158,189.9565031,0.001219934901,#C0C0C0
catechin,35,no_assignment__contig_713418,4135.811109,0.02656092438,#708090
catechin,35,no_assignment__contig_773239,6411.546968,0.04117611025,#353839
catechin,35,no_assignment__contig_776767,0,0,#A9A9A9
catechin,35,no_assignment__contig_861080,73592.10107,0.4726217373,#696969
unamended,0,Other,317.8803059,0.2682907648,black
unamended,0,g__Clostridium,0,0,#9E0B0F
unamended,0,g__Clostridium__contig_507316,0,0,#DC143C
unamended,0,g__Clostridium__contig_588865,0,0,#FF4500
unamended,0,g__Clostridium__contig_755337,0,0,#B22222
unamended,0,g__Fen-1039,77.44207986,0.06536106341,#FF8C00
unamended,0,g__JAGFXR01,0,0,#845EC2
unamended,0,g__JAGFXR01__contig_591846,0,0,#5C4188
unamended,0,g__PALSA-129,97.64967637,0.08241626129,#004E89
unamended,0,g__Paludibacter,0,0,#FF1744
unamended,0,g__Paludibacter__contig_724521,0,0,#E91E63
unamended,0,g__Pseudomonas_E,2.010644602,0.001696982694,#FFD700
unamended,0,g__Terracidiphilus,39.9778679,0.03374129366,#32CD32
unamended,0,g__UBA1794,0,0,#FF69B4
unamended,0,no_assignment,649.8744911,0.5484936341,#808080
unamended,0,no_assignment__contig_1022629,0,0,#DCDCDC
unamended,0,no_assignment__contig_1093732,0,0,#D3D3D3
unamended,0,no_assignment__contig_709158,0,0,#C0C0C0
unamended,0,no_assignment__contig_713418,0,0,#708090
unamended,0,no_assignment__contig_773239,0,0,#353839
unamended,0,no_assignment__contig_776767,0,0,#A9A9A9
unamended,0,no_assignment__contig_861080,0,0,#696969
unamended,7,Other,293.0350359,0.01685891548,black
unamended,7,g__Clostridium,2837.647217,0.1632557501,#9E0B0F
unamended,7,g__Clostridium__contig_507316,893.4614405,0.05140269615,#DC143C
unamended,7,g__Clostridium__contig_588865,710.1702096,0.04085757016,#FF4500
unamended,7,g__Clostridium__contig_755337,1457.395005,0.08384696776,#B22222
unamended,7,g__Fen-1039,48.02397708,0.002762919349,#FF8C00
unamended,7,g__JAGFXR01,0,0,#845EC2
unamended,7,g__JAGFXR01__contig_591846,0,0,#5C4188
unamended,7,g__PALSA-129,102.2159146,0.0058806943,#004E89
unamended,7,g__Paludibacter,0,0,#FF1744
unamended,7,g__Paludibacter__contig_724521,171.4024005,0.009861136821,#E91E63
unamended,7,g__Pseudomonas_E,491.9618545,0.02830358936,#FFD700
unamended,7,g__Terracidiphilus,14.0321857,0.0008073008472,#32CD32
unamended,7,g__UBA1794,10.02338446,0.0005766661686,#FF69B4
unamended,7,no_assignment,5491.519158,0.3159385261,#808080
unamended,7,no_assignment__contig_1022629,2411.873624,0.1387601092,#DCDCDC
unamended,7,no_assignment__contig_1093732,1333.07348,0.07669449171,#D3D3D3
unamended,7,no_assignment__contig_709158,1110.941992,0.0639148049,#C0C0C0
unamended,7,no_assignment__contig_713418,3.59215232,0.000206663999,#708090
unamended,7,no_assignment__contig_773239,1.237528264,7.12E-05,#353839
unamended,7,no_assignment__contig_776767,0,0,#A9A9A9
unamended,7,no_assignment__contig_861080,0,0,#696969
unamended,14,Other,274.6962205,0.02119752341,black
unamended,14,g__Clostridium,1150.332117,0.08876784662,#9E0B0F
unamended,14,g__Clostridium__contig_507316,72.12984492,0.005566054288,#DC143C
unamended,14,g__Clostridium__contig_588865,180.9793478,0.01396565979,#FF4500
unamended,14,g__Clostridium__contig_755337,141.7789464,0.01094067669,#B22222
unamended,14,g__Fen-1039,45.78086939,0.003532779041,#FF8C00
unamended,14,g__JAGFXR01,0,0,#845EC2
unamended,14,g__JAGFXR01__contig_591846,0,0,#5C4188
unamended,14,g__PALSA-129,54.70282363,0.004221260788,#004E89
unamended,14,g__Paludibacter,41.55065969,0.003206345831,#FF1744
unamended,14,g__Paludibacter__contig_724521,1324.775179,0.1022291199,#E91E63
unamended,14,g__Pseudomonas_E,251.3151149,0.01939327022,#FFD700
unamended,14,g__Terracidiphilus,22.83585057,0.001762177419,#32CD32
unamended,14,g__UBA1794,407.3189782,0.03143164314,#FF69B4
unamended,14,no_assignment,2808.597481,0.2167314524,#808080
unamended,14,no_assignment__contig_1022629,3234.204623,0.249574341,#DCDCDC
unamended,14,no_assignment__contig_1093732,1707.999381,0.131801438,#D3D3D3
unamended,14,no_assignment__contig_709158,1214.144767,0.09369208674,#C0C0C0
unamended,14,no_assignment__contig_713418,0,0,#708090
unamended,14,no_assignment__contig_773239,25.74054977,0.001986324767,#353839
unamended,14,no_assignment__contig_776767,0,0,#A9A9A9
unamended,14,no_assignment__contig_861080,0,0,#696969
unamended,21,Other,429.1002747,0.06240228572,black
unamended,21,g__Clostridium,107.0896564,0.01557360768,#9E0B0F
unamended,21,g__Clostridium__contig_507316,96.4695597,0.01402917076,#DC143C
unamended,21,g__Clostridium__contig_588865,96.11874981,0.01397815392,#FF4500
unamended,21,g__Clostridium__contig_755337,168.218912,0.02446338358,#B22222
unamended,21,g__Fen-1039,16.45710458,0.002393288941,#FF8C00
unamended,21,g__JAGFXR01,0,0,#845EC2
unamended,21,g__JAGFXR01__contig_591846,13.38887035,0.001947088273,#5C4188
unamended,21,g__PALSA-129,47.53231235,0.006912428425,#004E89
unamended,21,g__Paludibacter,205.9400935,0.02994901964,#FF1744
unamended,21,g__Paludibacter__contig_724521,646.6693998,0.09404246753,#E91E63
unamended,21,g__Pseudomonas_E,320.2308473,0.04656985327,#FFD700
unamended,21,g__Terracidiphilus,189.5794781,0.02756976272,#32CD32
unamended,21,g__UBA1794,157.4341287,0.02289499695,#FF69B4
unamended,21,no_assignment,3022.279782,0.4395177016,#808080
unamended,21,no_assignment__contig_1022629,498.3672116,0.07247549108,#DCDCDC
unamended,21,no_assignment__contig_1093732,241.4726473,0.0351163726,#D3D3D3
unamended,21,no_assignment__contig_709158,179.3126189,0.02607669568,#C0C0C0
unamended,21,no_assignment__contig_713418,31.73525191,0.004615126985,#708090
unamended,21,no_assignment__contig_773239,15.85927646,0.002306349259,#353839
unamended,21,no_assignment__contig_776767,393.0989091,0.0571667554,#A9A9A9
unamended,21,no_assignment__contig_861080,0,0,#696969
unamended,35,Other,323.9601381,0.06229630481,black
unamended,35,g__Clostridium,228.6430792,0.0439671962,#9E0B0F
unamended,35,g__Clostridium__contig_507316,22.99135241,0.004421149794,#DC143C
unamended,35,g__Clostridium__contig_588865,31.00102348,0.005961379136,#FF4500
unamended,35,g__Clostridium__contig_755337,48.58730012,0.009343153376,#B22222
unamended,35,g__Fen-1039,13.26597125,0.002550995914,#FF8C00
unamended,35,g__JAGFXR01,0,0,#845EC2
unamended,35,g__JAGFXR01__contig_591846,0,0,#5C4188
unamended,35,g__PALSA-129,27.373932,0.005263903213,#004E89
unamended,35,g__Paludibacter,94.92260083,0.01825325581,#FF1744
unamended,35,g__Paludibacter__contig_724521,140.3058108,0.02698027481,#E91E63
unamended,35,g__Pseudomonas_E,155.9675644,0.02999197058,#FFD700
unamended,35,g__Terracidiphilus,833.7205487,0.1603212967,#32CD32
unamended,35,g__UBA1794,304.2743334,0.05851079928,#FF69B4
unamended,35,no_assignment,2271.118941,0.4367275512,#808080
unamended,35,no_assignment__contig_1022629,376.6820049,0.07243451965,#DCDCDC
unamended,35,no_assignment__contig_1093732,181.1618056,0.03483672753,#D3D3D3
unamended,35,no_assignment__contig_709158,124.7747301,0.02399370695,#C0C0C0
unamended,35,no_assignment__contig_713418,0,0,#708090
unamended,35,no_assignment__contig_773239,21.55952617,0.004145815042,#353839
unamended,35,no_assignment__contig_776767,0,0,#A9A9A9
unamended,35,no_assignment__contig_861080,0,0,#696969
catechin,0,Other,317.8803059,0.2682907648,black
catechin,0,g__Clostridium,0,0,#9E0B0F
catechin,0,g__Clostridium__contig_507316,0,0,#DC143C
catechin,0,g__Clostridium__contig_588865,0,0,#FF4500
catechin,0,g__Clostridium__contig_755337,0,0,#B22222
catechin,0,g__Fen-1039,77.44207986,0.06536106341,#FF8C00
catechin,0,g__JAGFXR01,0,0,#845EC2
catechin,0,g__JAGFXR01__contig_591846,0,0,#5C4188
catechin,0,g__PALSA-129,97.64967637,0.08241626129,#004E89
catechin,0,g__Paludibacter,0,0,#FF1744
catechin,0,g__Paludibacter__contig_724521,0,0,#E91E63
catechin,0,g__Pseudomonas_E,2.010644602,0.001696982694,#FFD700
catechin,0,g__Terracidiphilus,39.9778679,0.03374129366,#32CD32
catechin,0,g__UBA1794,0,0,#FF69B4
catechin,0,no_assignment,649.8744911,0.5484936341,#808080
catechin,0,no_assignment__contig_1022629,0,0,#DCDCDC
catechin,0,no_assignment__contig_1093732,0,0,#D3D3D3
catechin,0,no_assignment__contig_709158,0,0,#C0C0C0
catechin,0,no_assignment__contig_713418,0,0,#708090
catechin,0,no_assignment__contig_773239,0,0,#353839
catechin,0,no_assignment__contig_776767,0,0,#A9A9A9
catechin,0,no_assignment__contig_861080,0,0,#696969