vOTU	length	topology	coordinates	n_genes	genetic_code	virus_score	fdr	n_hallmarks	marker_enrichment	taxonomy	contig_length	provirus	proviral_length	gene_count	viral_genes	host_genes	checkv_quality	miuvig_quality	completeness	completeness_method	contamination	kmer_freq	warnings	is_provirus_aggregated	Unnamed: 0	fasta	gene_position	start_position	end_position	strandedness	rank	kegg_genes_id	ko_id	kegg_hit	kegg_RBH	kegg_identity	kegg_bitScore	kegg_eVal	viral_id	viral_hit	viral_RBH	viral_identity	viral_bitScore	viral_eVal	peptidase_id	peptidase_family	peptidase_hit	peptidase_RBH	peptidase_identity	peptidase_bitScore	peptidase_eVal	pfam_hits	cazy_ids	cazy_hits	cazy_subfam_ec	cazy_best_hit	vogdb_id	vogdb_hits	vogdb_categories	heme_regulatory_motif_count	virsorter_category	auxiliary_score	is_transposon	amg_flags	annotation_accessions	annotation_description	evalue	concat_annotations
contig_591846	40862	No terminal repeats		63	11	0.9981	0.0018	17	63.3295	Viruses;Duplodnaviria;Heunggongvirae;Uroviricota;Caudoviricetes;;	40862	No		63	30	1	High-quality	High-quality	93.67	AAI-based (medium-confidence)	0.0	1.0		False	contig_591846-cat_1_1	MVP_03_All_Sample_Filtered_Relaxed_Representative_Virus_Provirus_Sequences_DRAM_Input	1	3.0	1100.0	1.0	C	rpi:Rpic_4896		rpi:Rpic_4896  acriflavin resistance protein	False	0.575	309.0	9.971e-91														AcrB/AcrD/AcrF family [PF00873.22]								0.0	-	5.0	False	F				rpi:Rpic_4896  acriflavin resistance protein;;AcrB/AcrD/AcrF family [PF00873.22];;
contig_591846	40862	No terminal repeats		63	11	0.9981	0.0018	17	63.3295	Viruses;Duplodnaviria;Heunggongvirae;Uroviricota;Caudoviricetes;;	40862	No		63	30	1	High-quality	High-quality	93.67	AAI-based (medium-confidence)	0.0	1.0		False	contig_591846-cat_1_2	MVP_03_All_Sample_Filtered_Relaxed_Representative_Virus_Provirus_Sequences_DRAM_Input	2	1917.0	2603.0	1.0	C	bprl:CL2_29940		bprl:CL2_29940  putative phage-type endonuclease	False	0.464	189.0	1.126e-51	YP_010002612.1	YP_010002612.1 RecE-like exonuclease [Gordonia phage Lilbeanie]	False	0.265	82.0	9.863e-17								YqaJ-like viral recombinase domain [PF09588.13]								0.0	0	4.0	False	F	COG5377	Phage-related protein, predicted endonuclease	3.893e-09	bprl:CL2_29940  putative phage-type endonuclease;YP_010002612.1 RecE-like exonuclease [Gordonia phage Lilbeanie];YqaJ-like viral recombinase domain [PF09588.13];;Phage-related protein, predicted endonuclease
contig_591846	40862	No terminal repeats		63	11	0.9981	0.0018	17	63.3295	Viruses;Duplodnaviria;Heunggongvirae;Uroviricota;Caudoviricetes;;	40862	No		63	30	1	High-quality	High-quality	93.67	AAI-based (medium-confidence)	0.0	1.0		False	contig_591846-cat_1_3	MVP_03_All_Sample_Filtered_Relaxed_Representative_Virus_Provirus_Sequences_DRAM_Input	3	2613.0	3488.0	1.0	C	ere:EUBREC_2126		ere:EUBREC_2126  hypothetical protein	False	0.411	159.0	3.177e-40	YP_002221552.1	YP_002221552.1 hypothetical protein B40-8014 [Bacteroides phage B40-8]	False	0.345	96.0	1.005e-20	MER0502692	M23B	MER0502692 - subfamily M23B unassigned peptidases (Listeria monocytogenes) [M23.UPB]#M23B#{peptidase unit: 45-256}~source YP_008296830~	False	0.32	70.0	1.326e-11	Protein of unknown function (DUF1351) [PF07083.14]					VOG00663	REFSEQ DUF1351 domain-containing protein; Xu	Xu	0.0	1	1.0	False	PF	PF07083		3.337e-44	ere:EUBREC_2126  hypothetical protein;YP_002221552.1 hypothetical protein B40-8014 [Bacteroides phage B40-8];Protein of unknown function (DUF1351) [PF07083.14];REFSEQ DUF1351 domain-containing protein; Xu;
contig_591846	40862	No terminal repeats		63	11	0.9981	0.0018	17	63.3295	Viruses;Duplodnaviria;Heunggongvirae;Uroviricota;Caudoviricetes;;	40862	No		63	30	1	High-quality	High-quality	93.67	AAI-based (medium-confidence)	0.0	1.0		False	contig_591846-cat_1_4	MVP_03_All_Sample_Filtered_Relaxed_Representative_Virus_Provirus_Sequences_DRAM_Input	4	3488.0	4189.0	1.0	C	cpas:Clopa_4307		cpas:Clopa_4307  phage recombination protein Bet	False	0.55	225.0	5.257e-64	YP_009835535.1	YP_009835535.1 putative recombination protein Bet [Leptospira phage LE4]	False	0.275	74.0	8.969e-14								RecT family [PF03837.17]					VOG04713	sp|P03698|VBET_LAMBD Recombination protein bet; Xr	Xr	0.0	1	1.0	False	VF	PF03837;TIGR01913;COG3723	phage recombination protein Bet	3.745e-36	cpas:Clopa_4307  phage recombination protein Bet;YP_009835535.1 putative recombination protein Bet [Leptospira phage LE4];RecT family [PF03837.17];sp|P03698|VBET_LAMBD Recombination protein bet; Xr;phage recombination protein Bet
contig_591846	40862	No terminal repeats		63	11	0.9981	0.0018	17	63.3295	Viruses;Duplodnaviria;Heunggongvirae;Uroviricota;Caudoviricetes;;	40862	No		63	30	1	High-quality	High-quality	93.67	AAI-based (medium-confidence)	0.0	1.0		False	contig_591846-cat_1_5	MVP_03_All_Sample_Filtered_Relaxed_Representative_Virus_Provirus_Sequences_DRAM_Input	5	4203.0	4850.0	1.0	C	amt:Amet_2584		amt:Amet_2584  hypothetical protein	False	0.529	183.0	1.392e-49														Putative HNHc nuclease [PF16784.8]; Protein of unknown function (DUF968) [PF06147.14]					VOG02262	REFSEQ hypothetical protein; Xu	Xu	0.0	1	1.0	False	F	PF16784	Putative HNHc nuclease	9.788e-55	amt:Amet_2584  hypothetical protein;;Putative HNHc nuclease [PF16784.8]; Protein of unknown function (DUF968) [PF06147.14];REFSEQ hypothetical protein; Xu;Putative HNHc nuclease
contig_591846	40862	No terminal repeats		63	11	0.9981	0.0018	17	63.3295	Viruses;Duplodnaviria;Heunggongvirae;Uroviricota;Caudoviricetes;;	40862	No		63	30	1	High-quality	High-quality	93.67	AAI-based (medium-confidence)	0.0	1.0		False	contig_591846-cat_1_6	MVP_03_All_Sample_Filtered_Relaxed_Representative_Virus_Provirus_Sequences_DRAM_Input	6	4853.0	5269.0	1.0	C	ova:OBV_12860	K03111	ova:OBV_12860  ssb; single-stranded DNA-binding protein; K03111 single-strand DNA-binding protein	False	0.426	115.0	1.011e-27	YP_009887303.1	YP_009887303.1 ssDNA binding protein [Arthrobacter phage Abba]	False	0.435	80.0	2.872e-17								Single-strand binding protein family [PF00436.28]					VOG00310	sp|O21902|SSB_BPLSK SSB protein; Xh	Xh	0.0	-	1.0	False	F				ova:OBV_12860  ssb; single-stranded DNA-binding protein; K03111 single-strand DNA-binding protein;YP_009887303.1 ssDNA binding protein [Arthrobacter phage Abba];Single-strand binding protein family [PF00436.28];sp|O21902|SSB_BPLSK SSB protein; Xh;
contig_591846	40862	No terminal repeats		63	11	0.9981	0.0018	17	63.3295	Viruses;Duplodnaviria;Heunggongvirae;Uroviricota;Caudoviricetes;;	40862	No		63	30	1	High-quality	High-quality	93.67	AAI-based (medium-confidence)	0.0	1.0		False	contig_591846-cat_1_7	MVP_03_All_Sample_Filtered_Relaxed_Representative_Virus_Provirus_Sequences_DRAM_Input	7	5280.0	5966.0	1.0	C	cle:Clole_0946		cle:Clole_0946  phage regulatory protein	False	0.372	138.0	5.507e-34	YP_008241199.1	YP_008241199.1 DNA replication protein [Cellulophaga phage phi18:3]	False	0.354	117.0	2.13e-28																0.0	0	1.0	False		PF09681;TIGR01714	phage replisome organizer, putative, N-terminal region	2.144e-30	cle:Clole_0946  phage regulatory protein;YP_008241199.1 DNA replication protein [Cellulophaga phage phi18:3];;;phage replisome organizer, putative, N-terminal region
contig_591846	40862	No terminal repeats		63	11	0.9981	0.0018	17	63.3295	Viruses;Duplodnaviria;Heunggongvirae;Uroviricota;Caudoviricetes;;	40862	No		63	30	1	High-quality	High-quality	93.67	AAI-based (medium-confidence)	0.0	1.0		False	contig_591846-cat_1_8	MVP_03_All_Sample_Filtered_Relaxed_Representative_Virus_Provirus_Sequences_DRAM_Input	8	5923.0	6729.0	1.0	C	cbl:CLK_1769		cbl:CLK_1769  hypothetical protein	False	0.329	121.0	9.35e-28														IstB-like ATP binding protein [PF01695.20]; Bacterial dnaA  protein [PF00308.21]					VOG01572	sp|P15026|ISTB_PSEAI Insertion sequence IS21 putative ATP-binding protein; Xh	Xh	0.0		1.0	False				4.663e-12	cbl:CLK_1769  hypothetical protein;;IstB-like ATP binding protein [PF01695.20]; Bacterial dnaA  protein [PF00308.21];sp|P15026|ISTB_PSEAI Insertion sequence IS21 putative ATP-binding protein; Xh;
contig_591846	40862	No terminal repeats		63	11	0.9981	0.0018	17	63.3295	Viruses;Duplodnaviria;Heunggongvirae;Uroviricota;Caudoviricetes;;	40862	No		63	30	1	High-quality	High-quality	93.67	AAI-based (medium-confidence)	0.0	1.0		False	contig_591846-cat_1_9	MVP_03_All_Sample_Filtered_Relaxed_Representative_Virus_Provirus_Sequences_DRAM_Input	9	6726.0	7052.0	1.0	C	cst:CLOST_1536		cst:CLOST_1536  hypothetical protein	False	0.527	98.0	3.015e-22	NP_945103.1	NP_945103.1 DUF1064 domain-containing protein [Burkholderia phage phi1026b]	False	0.356	67.0	4.046e-13								Protein of unknown function (DUF1064) [PF06356.14]					VOG00404	sp|P00641|ENDO_BPT7 Endonuclease I; Xp	Xp	0.0	1	1.0	False		PF06356		1.3800000000000002e-27	cst:CLOST_1536  hypothetical protein;NP_945103.1 DUF1064 domain-containing protein [Burkholderia phage phi1026b];Protein of unknown function (DUF1064) [PF06356.14];sp|P00641|ENDO_BPT7 Endonuclease I; Xp;
contig_591846	40862	No terminal repeats		63	11	0.9981	0.0018	17	63.3295	Viruses;Duplodnaviria;Heunggongvirae;Uroviricota;Caudoviricetes;;	40862	No		63	30	1	High-quality	High-quality	93.67	AAI-based (medium-confidence)	0.0	1.0		False	contig_591846-cat_1_10	MVP_03_All_Sample_Filtered_Relaxed_Representative_Virus_Provirus_Sequences_DRAM_Input	10	7065.0	7496.0	1.0	E																													0.0	-	1.0	False					;;;;
contig_591846	40862	No terminal repeats		63	11	0.9981	0.0018	17	63.3295	Viruses;Duplodnaviria;Heunggongvirae;Uroviricota;Caudoviricetes;;	40862	No		63	30	1	High-quality	High-quality	93.67	AAI-based (medium-confidence)	0.0	1.0		False	contig_591846-cat_1_11	MVP_03_All_Sample_Filtered_Relaxed_Representative_Virus_Provirus_Sequences_DRAM_Input	11	7537.0	7707.0	-1.0	E																													0.0		1.0	False				3.389e-26	;;;;
contig_591846	40862	No terminal repeats		63	11	0.9981	0.0018	17	63.3295	Viruses;Duplodnaviria;Heunggongvirae;Uroviricota;Caudoviricetes;;	40862	No		63	30	1	High-quality	High-quality	93.67	AAI-based (medium-confidence)	0.0	1.0		False	contig_591846-cat_1_12	MVP_03_All_Sample_Filtered_Relaxed_Representative_Virus_Provirus_Sequences_DRAM_Input	12	7807.0	8514.0	1.0	C	hac:Hac_0361		hac:Hac_0361  hypothetical protein	False	0.446	186.0	2.505e-50	YP_008240916.1	YP_008240916.1 hypothetical protein Phi18:1_gp02 [Cellulophaga phage phi18:1]	False	0.475	200.0	5.878e-57													VOG02432	sp|Q67472|DNMT_FRG3G Probable DNA (cytosine-5)-methyltransferase; Xh	Xh	0.0	1	1.0	False				7.209e-08	hac:Hac_0361  hypothetical protein;YP_008240916.1 hypothetical protein Phi18:1_gp02 [Cellulophaga phage phi18:1];;sp|Q67472|DNMT_FRG3G Probable DNA (cytosine-5)-methyltransferase; Xh;
contig_591846	40862	No terminal repeats		63	11	0.9981	0.0018	17	63.3295	Viruses;Duplodnaviria;Heunggongvirae;Uroviricota;Caudoviricetes;;	40862	No		63	30	1	High-quality	High-quality	93.67	AAI-based (medium-confidence)	0.0	1.0		False	contig_591846-cat_1_13	MVP_03_All_Sample_Filtered_Relaxed_Representative_Virus_Provirus_Sequences_DRAM_Input	13	8520.0	9188.0	1.0	E																													0.0	1	1.0	False				3.355e-09	;;;;
contig_591846	40862	No terminal repeats		63	11	0.9981	0.0018	17	63.3295	Viruses;Duplodnaviria;Heunggongvirae;Uroviricota;Caudoviricetes;;	40862	No		63	30	1	High-quality	High-quality	93.67	AAI-based (medium-confidence)	0.0	1.0		False	contig_591846-cat_1_14	MVP_03_All_Sample_Filtered_Relaxed_Representative_Virus_Provirus_Sequences_DRAM_Input	14	9175.0	9558.0	1.0	E																													0.0	1	1.0	False		PF18073;COG4068;TIGR02605;K21463	Predicted nucleic acid-binding protein, contains Zn-ribbon domain	7.109e-14	;;;;Predicted nucleic acid-binding protein, contains Zn-ribbon domain
contig_591846	40862	No terminal repeats		63	11	0.9981	0.0018	17	63.3295	Viruses;Duplodnaviria;Heunggongvirae;Uroviricota;Caudoviricetes;;	40862	No		63	30	1	High-quality	High-quality	93.67	AAI-based (medium-confidence)	0.0	1.0		False	contig_591846-cat_1_15	MVP_03_All_Sample_Filtered_Relaxed_Representative_Virus_Provirus_Sequences_DRAM_Input	15	9555.0	9905.0	1.0	E																													0.0	1	1.0	False		PF14354;TIGR03655;COG3478	restriction alleviation protein, Lar family	4.235e-09	;;;;restriction alleviation protein, Lar family
contig_591846	40862	No terminal repeats		63	11	0.9981	0.0018	17	63.3295	Viruses;Duplodnaviria;Heunggongvirae;Uroviricota;Caudoviricetes;;	40862	No		63	30	1	High-quality	High-quality	93.67	AAI-based (medium-confidence)	0.0	1.0		False	contig_591846-cat_1_16	MVP_03_All_Sample_Filtered_Relaxed_Representative_Virus_Provirus_Sequences_DRAM_Input	16	9902.0	10237.0	1.0	D																					Restriction alleviation protein Lar [PF14354.9]								1.0	0	1.0	False				1.384e-05	;;Restriction alleviation protein Lar [PF14354.9];;
contig_591846	40862	No terminal repeats		63	11	0.9981	0.0018	17	63.3295	Viruses;Duplodnaviria;Heunggongvirae;Uroviricota;Caudoviricetes;;	40862	No		63	30	1	High-quality	High-quality	93.67	AAI-based (medium-confidence)	0.0	1.0		False	contig_591846-cat_1_17	MVP_03_All_Sample_Filtered_Relaxed_Representative_Virus_Provirus_Sequences_DRAM_Input	17	10237.0	10515.0	1.0	E																													0.0	1	1.0	False					;;;;
contig_591846	40862	No terminal repeats		63	11	0.9981	0.0018	17	63.3295	Viruses;Duplodnaviria;Heunggongvirae;Uroviricota;Caudoviricetes;;	40862	No		63	30	1	High-quality	High-quality	93.67	AAI-based (medium-confidence)	0.0	1.0		False	contig_591846-cat_1_18	MVP_03_All_Sample_Filtered_Relaxed_Representative_Virus_Provirus_Sequences_DRAM_Input	18	10512.0	10844.0	1.0	E																													0.0	-	1.0	False					;;;;
contig_591846	40862	No terminal repeats		63	11	0.9981	0.0018	17	63.3295	Viruses;Duplodnaviria;Heunggongvirae;Uroviricota;Caudoviricetes;;	40862	No		63	30	1	High-quality	High-quality	93.67	AAI-based (medium-confidence)	0.0	1.0		False	contig_591846-cat_1_19	MVP_03_All_Sample_Filtered_Relaxed_Representative_Virus_Provirus_Sequences_DRAM_Input	19	11004.0	11210.0	1.0	E																													0.0	-	1.0	False		PF11753	Protein of unknwon function (DUF3310)	1.679e-18	;;;;Protein of unknwon function (DUF3310)
contig_591846	40862	No terminal repeats		63	11	0.9981	0.0018	17	63.3295	Viruses;Duplodnaviria;Heunggongvirae;Uroviricota;Caudoviricetes;;	40862	No		63	30	1	High-quality	High-quality	93.67	AAI-based (medium-confidence)	0.0	1.0		False	contig_591846-cat_1_20	MVP_03_All_Sample_Filtered_Relaxed_Representative_Virus_Provirus_Sequences_DRAM_Input	20	11203.0	11976.0	1.0	C	gpa:GPA_22700		gpa:GPA_22700  Protein of unknwon function (DUF3310).	False	0.603	85.0	1.217e-15	YP_009100947.1	YP_009100947.1 hypothetical protein N22_040 [Idiomarinaceae phage 1N2-2]	False	0.671	92.0	9.695e-20								Protein of unknwon function (DUF3310) [PF11753.11]								0.0	0	1.0	False		PF04448		9.165e-10	gpa:GPA_22700  Protein of unknwon function (DUF3310).;YP_009100947.1 hypothetical protein N22_040 [Idiomarinaceae phage 1N2-2];Protein of unknwon function (DUF3310) [PF11753.11];;
contig_591846	40862	No terminal repeats		63	11	0.9981	0.0018	17	63.3295	Viruses;Duplodnaviria;Heunggongvirae;Uroviricota;Caudoviricetes;;	40862	No		63	30	1	High-quality	High-quality	93.67	AAI-based (medium-confidence)	0.0	1.0		False	contig_591846-cat_1_21	MVP_03_All_Sample_Filtered_Relaxed_Representative_Virus_Provirus_Sequences_DRAM_Input	21	11973.0	12461.0	1.0	D																					Protein of unknown function (DUF551) [PF04448.15]								0.0	1	1.0	False					;;Protein of unknown function (DUF551) [PF04448.15];;
contig_591846	40862	No terminal repeats		63	11	0.9981	0.0018	17	63.3295	Viruses;Duplodnaviria;Heunggongvirae;Uroviricota;Caudoviricetes;;	40862	No		63	30	1	High-quality	High-quality	93.67	AAI-based (medium-confidence)	0.0	1.0		False	contig_591846-cat_1_22	MVP_03_All_Sample_Filtered_Relaxed_Representative_Virus_Provirus_Sequences_DRAM_Input	22	12458.0	12622.0	1.0	E																													0.0	-	1.0	False		PF07374;TIGR01636;COG2739	phage transcriptional activator, RinA family	4.536e-23	;;;;phage transcriptional activator, RinA family
contig_591846	40862	No terminal repeats		63	11	0.9981	0.0018	17	63.3295	Viruses;Duplodnaviria;Heunggongvirae;Uroviricota;Caudoviricetes;;	40862	No		63	30	1	High-quality	High-quality	93.67	AAI-based (medium-confidence)	0.0	1.0		False	contig_591846-cat_1_23	MVP_03_All_Sample_Filtered_Relaxed_Representative_Virus_Provirus_Sequences_DRAM_Input	23	12615.0	13055.0	1.0	C	efc:EFAU004_01628		efc:EFAU004_01628  hypothetical protein	False	0.332	76.0	6.396e-14														Protein of unknown function (DUF1492) [PF07374.14]; Sigma-70, region 4 [PF04545.19]								0.0	1	1.0	False		PF03592;COG3728;K07474	Phage terminase, small subunit	1.965e-23	efc:EFAU004_01628  hypothetical protein;;Protein of unknown function (DUF1492) [PF07374.14]; Sigma-70, region 4 [PF04545.19];;Phage terminase, small subunit
contig_591846	40862	No terminal repeats		63	11	0.9981	0.0018	17	63.3295	Viruses;Duplodnaviria;Heunggongvirae;Uroviricota;Caudoviricetes;;	40862	No		63	30	1	High-quality	High-quality	93.67	AAI-based (medium-confidence)	0.0	1.0		False	contig_591846-cat_1_24	MVP_03_All_Sample_Filtered_Relaxed_Representative_Virus_Provirus_Sequences_DRAM_Input	24	13365.0	13802.0	1.0	C	cbo:CBO1721	K07474	cbo:CBO1721  terminase small subunit; K07474 phage terminase small subunit	False	0.553	150.0	1.197e-39	NP_795682.1	NP_795682.1 putative terminase small subunit [Streptococcus phage 315.6]	False	0.493	126.0	7.079e-33								Terminase small subunit [PF03592.19]					VOG00217	sp|P68928|TERS_BPSF6 Terminase small subunit; Xr	Xr	0.0	0	1.0	False	V	PF17288;K06909;TIGR01547;COG1783	Terminase RNAseH like domain	9.601e-60	cbo:CBO1721  terminase small subunit; K07474 phage terminase small subunit;NP_795682.1 putative terminase small subunit [Streptococcus phage 315.6];Terminase small subunit [PF03592.19];sp|P68928|TERS_BPSF6 Terminase small subunit; Xr;Terminase RNAseH like domain
contig_591846	40862	No terminal repeats		63	11	0.9981	0.0018	17	63.3295	Viruses;Duplodnaviria;Heunggongvirae;Uroviricota;Caudoviricetes;;	40862	No		63	30	1	High-quality	High-quality	93.67	AAI-based (medium-confidence)	0.0	1.0		False	contig_591846-cat_1_25	MVP_03_All_Sample_Filtered_Relaxed_Representative_Virus_Provirus_Sequences_DRAM_Input	25	13765.0	15042.0	1.0	C	cth:Cthe_2474		cth:Cthe_2474  PBSX family phage terminase large subunit	False	0.626	512.0	1.3730000000000004e-159	YP_009140389.1	YP_009140389.1 putative terminase large subunit [Lactococcus phage 1358]	False	0.406	304.0	1.059e-89								Phage terminase large subunit [PF04466.16]; Terminase RNAseH like domain [PF17288.5]					VOG00023	sp|P54308|TERL_BPSPP Terminase, large subunit; XhXr	Xh;Xr	0.0	0	1.0	False	V	PF05133;TIGR01538	Phage portal protein, SPP1 Gp6-like	5.632e-82	cth:Cthe_2474  PBSX family phage terminase large subunit;YP_009140389.1 putative terminase large subunit [Lactococcus phage 1358];Phage terminase large subunit [PF04466.16]; Terminase RNAseH like domain [PF17288.5];sp|P54308|TERL_BPSPP Terminase, large subunit; XhXr;Phage portal protein, SPP1 Gp6-like
contig_591846	40862	No terminal repeats		63	11	0.9981	0.0018	17	63.3295	Viruses;Duplodnaviria;Heunggongvirae;Uroviricota;Caudoviricetes;;	40862	No		63	30	1	High-quality	High-quality	93.67	AAI-based (medium-confidence)	0.0	1.0		False	contig_591846-cat_1_26	MVP_03_All_Sample_Filtered_Relaxed_Representative_Virus_Provirus_Sequences_DRAM_Input	26	15047.0	16609.0	1.0	C	cpy:Cphy_2970		cpy:Cphy_2970  SPP1 family phage portal protein	False	0.33	246.0	7.289999999999999e-67	YP_001468787.1	YP_001468787.1 gp3 [Listeria phage P35]	False	0.195	81.0	6.885e-15								Phage portal protein, SPP1 Gp6-like [PF05133.17]					VOG00163	sp|Q05220|PORTL_BPML5 Portal protein; XpXrXs	Xr;Xs;Xp	0.0	0	1.0	False	V	PF04233;COG5585;TIGR01641	NAD+--asparagine ADP-ribosyltransferase	1.086e-20	cpy:Cphy_2970  SPP1 family phage portal protein;YP_001468787.1 gp3 [Listeria phage P35];Phage portal protein, SPP1 Gp6-like [PF05133.17];sp|Q05220|PORTL_BPML5 Portal protein; XpXrXs;NAD+--asparagine ADP-ribosyltransferase
contig_591846	40862	No terminal repeats		63	11	0.9981	0.0018	17	63.3295	Viruses;Duplodnaviria;Heunggongvirae;Uroviricota;Caudoviricetes;;	40862	No		63	30	1	High-quality	High-quality	93.67	AAI-based (medium-confidence)	0.0	1.0		False	contig_591846-cat_1_27	MVP_03_All_Sample_Filtered_Relaxed_Representative_Virus_Provirus_Sequences_DRAM_Input	27	16599.0	17654.0	1.0	C	csd:Clst_0387		csd:Clst_0387  phage head morphogenesis protein	False	0.373	214.0	2.1650000000000002e-58	NP_795634.1	NP_795634.1 hypothetical protein SpyM3_1325 [Streptococcus phage 315.5]	False	0.212	78.0	2.141e-14								Phage Mu protein F like protein [PF04233.17]					VOG00396	sp|Q38442|GP7_BPSPP Minor head protein GP7; XhXs	Xh;Xs	0.0	0	1.0	False	V			1.151e-06	csd:Clst_0387  phage head morphogenesis protein;NP_795634.1 hypothetical protein SpyM3_1325 [Streptococcus phage 315.5];Phage Mu protein F like protein [PF04233.17];sp|Q38442|GP7_BPSPP Minor head protein GP7; XhXs;
contig_591846	40862	No terminal repeats		63	11	0.9981	0.0018	17	63.3295	Viruses;Duplodnaviria;Heunggongvirae;Uroviricota;Caudoviricetes;;	40862	No		63	30	1	High-quality	High-quality	93.67	AAI-based (medium-confidence)	0.0	1.0		False	contig_591846-cat_1_28	MVP_03_All_Sample_Filtered_Relaxed_Representative_Virus_Provirus_Sequences_DRAM_Input	28	17651.0	17923.0	1.0	E																													0.0	1	1.0	False		PF06810	Phage minor structural protein GP20	2.096e-20	;;;;Phage minor structural protein GP20
contig_591846	40862	No terminal repeats		63	11	0.9981	0.0018	17	63.3295	Viruses;Duplodnaviria;Heunggongvirae;Uroviricota;Caudoviricetes;;	40862	No		63	30	1	High-quality	High-quality	93.67	AAI-based (medium-confidence)	0.0	1.0		False	contig_591846-cat_1_29	MVP_03_All_Sample_Filtered_Relaxed_Representative_Virus_Provirus_Sequences_DRAM_Input	29	18071.0	18625.0	1.0	C	cce:Ccel_3045		cce:Ccel_3045  minor structural GP20 protein	False	0.368	103.0	1.3939999999999998e-22	YP_006383460.1	YP_006383460.1 putative minor structural protein [Bacillus phage PBC1]	False	0.341	72.0	1.238e-13								Phage minor structural protein GP20 [PF06810.14]								0.0	1	1.0	False		PF11651;TIGR04387	P22 coat protein - gene protein 5	1.5470000000000001e-71	cce:Ccel_3045  minor structural GP20 protein;YP_006383460.1 putative minor structural protein [Bacillus phage PBC1];Phage minor structural protein GP20 [PF06810.14];;P22 coat protein - gene protein 5
contig_591846	40862	No terminal repeats		63	11	0.9981	0.0018	17	63.3295	Viruses;Duplodnaviria;Heunggongvirae;Uroviricota;Caudoviricetes;;	40862	No		63	30	1	High-quality	High-quality	93.67	AAI-based (medium-confidence)	0.0	1.0		False	contig_591846-cat_1_30	MVP_03_All_Sample_Filtered_Relaxed_Representative_Virus_Provirus_Sequences_DRAM_Input	30	18641.0	19738.0	1.0	C	cpas:Clopa_2544		cpas:Clopa_2544  P22 coat protein - gene protein 5	False	0.375	235.0	4.464e-65	YP_009818443.1	YP_009818443.1 major capsid protein [Streptomyces phage Hiyaa]	False	0.316	180.0	3.329e-48								P22 coat protein - gene protein 5 [PF11651.11]					VOG00784	sp|P26747|CAPSD_BPP22 Major capsid protein; XhXs	Xh;Xs	0.0	0	1.0	False	V				cpas:Clopa_2544  P22 coat protein - gene protein 5;YP_009818443.1 major capsid protein [Streptomyces phage Hiyaa];P22 coat protein - gene protein 5 [PF11651.11];sp|P26747|CAPSD_BPP22 Major capsid protein; XhXs;
contig_591846	40862	No terminal repeats		63	11	0.9981	0.0018	17	63.3295	Viruses;Duplodnaviria;Heunggongvirae;Uroviricota;Caudoviricetes;;	40862	No		63	30	1	High-quality	High-quality	93.67	AAI-based (medium-confidence)	0.0	1.0		False	contig_591846-cat_1_31	MVP_03_All_Sample_Filtered_Relaxed_Representative_Virus_Provirus_Sequences_DRAM_Input	31	19738.0	20091.0	1.0	E																													0.0	-	1.0	False		PF12206		5.748e-38	;;;;
contig_591846	40862	No terminal repeats		63	11	0.9981	0.0018	17	63.3295	Viruses;Duplodnaviria;Heunggongvirae;Uroviricota;Caudoviricetes;;	40862	No		63	30	1	High-quality	High-quality	93.67	AAI-based (medium-confidence)	0.0	1.0		False	contig_591846-cat_1_32	MVP_03_All_Sample_Filtered_Relaxed_Representative_Virus_Provirus_Sequences_DRAM_Input	32	20101.0	20436.0	1.0	C	csd:Clst_0394		csd:Clst_0394  hypothetical protein	False	0.621	138.0	6.348e-36																						0.0	1	1.0	False		PF11114;TIGR01725	phage protein, HK97 gp10 family	6.225000000000001e-57	csd:Clst_0394  hypothetical protein;;;;phage protein, HK97 gp10 family
contig_591846	40862	No terminal repeats		63	11	0.9981	0.0018	17	63.3295	Viruses;Duplodnaviria;Heunggongvirae;Uroviricota;Caudoviricetes;;	40862	No		63	30	1	High-quality	High-quality	93.67	AAI-based (medium-confidence)	0.0	1.0		False	contig_591846-cat_1_33	MVP_03_All_Sample_Filtered_Relaxed_Representative_Virus_Provirus_Sequences_DRAM_Input	33	20433.0	20843.0	1.0	C	cth:Cthe_2482		cth:Cthe_2482  hypothetical protein	False	0.564	149.0	1.512e-39																						0.0	0	1.0	False				7.33e-49	cth:Cthe_2482  hypothetical protein;;;;
contig_591846	40862	No terminal repeats		63	11	0.9981	0.0018	17	63.3295	Viruses;Duplodnaviria;Heunggongvirae;Uroviricota;Caudoviricetes;;	40862	No		63	30	1	High-quality	High-quality	93.67	AAI-based (medium-confidence)	0.0	1.0		False	contig_591846-cat_1_34	MVP_03_All_Sample_Filtered_Relaxed_Representative_Virus_Provirus_Sequences_DRAM_Input	34	20833.0	21255.0	1.0	C	cth:Cthe_2483		cth:Cthe_2483  hypothetical protein	False	0.566	136.0	8.259000000000001e-35																			VOG00833	REFSEQ hypothetical protein; Xu	Xu	0.0	1	1.0	False		PF04984;PF17482;COG3497	Phage tail sheath protein subtilisin-like domain; Phage tail sheath C-terminal domain	3.2630000000000004e-132	cth:Cthe_2483  hypothetical protein;;;REFSEQ hypothetical protein; Xu;Phage tail sheath protein subtilisin-like domain; Phage tail sheath C-terminal domain
contig_591846	40862	No terminal repeats		63	11	0.9981	0.0018	17	63.3295	Viruses;Duplodnaviria;Heunggongvirae;Uroviricota;Caudoviricetes;;	40862	No		63	30	1	High-quality	High-quality	93.67	AAI-based (medium-confidence)	0.0	1.0		False	contig_591846-cat_1_35	MVP_03_All_Sample_Filtered_Relaxed_Representative_Virus_Provirus_Sequences_DRAM_Input	35	21260.0	22306.0	1.0	C	csd:Clst_0397		csd:Clst_0397  phage tail sheath protein	False	0.613	417.0	2.159e-128														Phage tail sheath C-terminal domain [PF17482.5]					VOG04489	sp|Q24LI4|TSP_BPPCD Tail sheath protein; XpXrXs	Xr;Xs;Xp	0.0	0	1.0	False	V	PF09393	Phage tail tube protein	1.874e-55	csd:Clst_0397  phage tail sheath protein;;Phage tail sheath C-terminal domain [PF17482.5];sp|Q24LI4|TSP_BPPCD Tail sheath protein; XpXrXs;Phage tail tube protein
contig_591846	40862	No terminal repeats		63	11	0.9981	0.0018	17	63.3295	Viruses;Duplodnaviria;Heunggongvirae;Uroviricota;Caudoviricetes;;	40862	No		63	30	1	High-quality	High-quality	93.67	AAI-based (medium-confidence)	0.0	1.0		False	contig_591846-cat_1_36	MVP_03_All_Sample_Filtered_Relaxed_Representative_Virus_Provirus_Sequences_DRAM_Input	36	22320.0	22796.0	1.0	C	cth:Cthe_2486		cth:Cthe_2486  hypothetical protein	False	0.646	204.0	4.937e-58														Phage tail tube protein [PF09393.13]					VOG04050	sp|P45929|YQBM_BACSU Uncharacterized protein YqbM; Xu	Xu	0.0	0	1.0	False		PF08890;PF17482	Phage XkdN-like tail assembly chaperone protein, TAC; Phage tail sheath C-terminal domain	6.778999999999999e-47	cth:Cthe_2486  hypothetical protein;;Phage tail tube protein [PF09393.13];sp|P45929|YQBM_BACSU Uncharacterized protein YqbM; Xu;Phage XkdN-like tail assembly chaperone protein, TAC; Phage tail sheath C-terminal domain
contig_591846	40862	No terminal repeats		63	11	0.9981	0.0018	17	63.3295	Viruses;Duplodnaviria;Heunggongvirae;Uroviricota;Caudoviricetes;;	40862	No		63	30	1	High-quality	High-quality	93.67	AAI-based (medium-confidence)	0.0	1.0		False	contig_591846-cat_1_37	MVP_03_All_Sample_Filtered_Relaxed_Representative_Virus_Provirus_Sequences_DRAM_Input	37	22846.0	23250.0	1.0	C	cth:Cthe_2487		cth:Cthe_2487  hypothetical protein	False	0.571	149.0	1.382e-39														Phage XkdN-like tail assembly chaperone protein, TAC [PF08890.14]					VOG01384	sp|P45930|YQBN_BACSU Uncharacterized protein YqbN; Xu	Xu	0.0	0	1.0	False		COG5281	Phage-related minor tail protein	2.84e-85	cth:Cthe_2487  hypothetical protein;;Phage XkdN-like tail assembly chaperone protein, TAC [PF08890.14];sp|P45930|YQBN_BACSU Uncharacterized protein YqbN; Xu;Phage-related minor tail protein
contig_591846	40862	No terminal repeats		63	11	0.9981	0.0018	17	63.3295	Viruses;Duplodnaviria;Heunggongvirae;Uroviricota;Caudoviricetes;;	40862	No		63	30	1	High-quality	High-quality	93.67	AAI-based (medium-confidence)	0.0	1.0		False	contig_591846-cat_1_38	MVP_03_All_Sample_Filtered_Relaxed_Representative_Virus_Provirus_Sequences_DRAM_Input	38	23423.0	25315.0	1.0	C	csh:Closa_1404		csh:Closa_1404  phage tape measure protein	False	0.31	310.0	5.454e-87	YP_009008532.1	YP_009008532.1 putative tail tape measure protein [Acinetobacter phage IMEAB3]	False	0.234	95.0	5.894e-19								Tape measure protein [PF20155.2]					VOG00587	REFSEQ tape measure protein; Xu	Xu	0.0	0	1.0	False					csh:Closa_1404  phage tape measure protein;YP_009008532.1 putative tail tape measure protein [Acinetobacter phage IMEAB3];Tape measure protein [PF20155.2];REFSEQ tape measure protein; Xu;
contig_591846	40862	No terminal repeats		63	11	0.9981	0.0018	17	63.3295	Viruses;Duplodnaviria;Heunggongvirae;Uroviricota;Caudoviricetes;;	40862	No		63	30	1	High-quality	High-quality	93.67	AAI-based (medium-confidence)	0.0	1.0		False	contig_591846-cat_1_39	MVP_03_All_Sample_Filtered_Relaxed_Representative_Virus_Provirus_Sequences_DRAM_Input	39	25312.0	25977.0	1.0	C	cth:Cthe_2489		cth:Cthe_2489  peptidoglycan-binding LysM	False	0.519	217.0	2.351e-61																			VOG00740	sp|P45932|YQBP_BACSU Uncharacterized protein YqbP; Xu	Xu	0.0	-	1.0	False					cth:Cthe_2489  peptidoglycan-binding LysM;;;sp|P45932|YQBP_BACSU Uncharacterized protein YqbP; Xu;
contig_591846	40862	No terminal repeats		63	11	0.9981	0.0018	17	63.3295	Viruses;Duplodnaviria;Heunggongvirae;Uroviricota;Caudoviricetes;;	40862	No		63	30	1	High-quality	High-quality	93.67	AAI-based (medium-confidence)	0.0	1.0		False	contig_591846-cat_1_40	MVP_03_All_Sample_Filtered_Relaxed_Representative_Virus_Provirus_Sequences_DRAM_Input	40	26066.0	26491.0	1.0	E																													0.0	-	1.0	False		PF14594;COG4379;TIGR03361;K06905	Mu-like prophage tail protein gpP	5.513e-64	;;;;Mu-like prophage tail protein gpP
contig_591846	40862	No terminal repeats		63	11	0.9981	0.0018	17	63.3295	Viruses;Duplodnaviria;Heunggongvirae;Uroviricota;Caudoviricetes;;	40862	No		63	30	1	High-quality	High-quality	93.67	AAI-based (medium-confidence)	0.0	1.0		False	contig_591846-cat_1_41	MVP_03_All_Sample_Filtered_Relaxed_Representative_Virus_Provirus_Sequences_DRAM_Input	41	26546.0	27577.0	1.0	A	css:Cst_c04220		css:Cst_c04220  phage protein	True	0.587	388.0	2.216e-118																			VOG01480	REFSEQ hypothetical protein; Xu	Xu	0.0	0	1.0	False		PF10844		3.579e-27	css:Cst_c04220  phage protein;;;REFSEQ hypothetical protein; Xu;
contig_591846	40862	No terminal repeats		63	11	0.9981	0.0018	17	63.3295	Viruses;Duplodnaviria;Heunggongvirae;Uroviricota;Caudoviricetes;;	40862	No		63	30	1	High-quality	High-quality	93.67	AAI-based (medium-confidence)	0.0	1.0		False	contig_591846-cat_1_42	MVP_03_All_Sample_Filtered_Relaxed_Representative_Virus_Provirus_Sequences_DRAM_Input	42	27574.0	27807.0	1.0	C	csd:Clst_0404		csd:Clst_0404  hypothetical protein	False	0.637	98.0	7.184e-23																						0.0	1	1.0	False		PF10934;COG4381;TIGR03357	Mu-like prophage protein gp46	1.932e-33	csd:Clst_0404  hypothetical protein;;;;Mu-like prophage protein gp46
contig_591846	40862	No terminal repeats		63	11	0.9981	0.0018	17	63.3295	Viruses;Duplodnaviria;Heunggongvirae;Uroviricota;Caudoviricetes;;	40862	No		63	30	1	High-quality	High-quality	93.67	AAI-based (medium-confidence)	0.0	1.0		False	contig_591846-cat_1_43	MVP_03_All_Sample_Filtered_Relaxed_Representative_Virus_Provirus_Sequences_DRAM_Input	43	27804.0	28199.0	1.0	C	cth:Cthe_2491		cth:Cthe_2491  hypothetical protein	False	0.548	132.0	1.309e-33														Protein of unknown function (DUF2634) [PF10934.11]								0.0	1	1.0	False		PF09393	Phage tail tube protein	2.995e-46	cth:Cthe_2491  hypothetical protein;;Protein of unknown function (DUF2634) [PF10934.11];;Phage tail tube protein
contig_591846	40862	No terminal repeats		63	11	0.9981	0.0018	17	63.3295	Viruses;Duplodnaviria;Heunggongvirae;Uroviricota;Caudoviricetes;;	40862	No		63	30	1	High-quality	High-quality	93.67	AAI-based (medium-confidence)	0.0	1.0		False	contig_591846-cat_1_44	MVP_03_All_Sample_Filtered_Relaxed_Representative_Virus_Provirus_Sequences_DRAM_Input	44	28199.0	29221.0	1.0	A	css:Cst_c04250		css:Cst_c04250  PBSX prophage-like protein	True	0.586	376.0	2.429e-114	YP_009841792.1	YP_009841792.1 hypothetical protein HWB91_gp04 [Bacillus phage vB_BboS-125]	False	0.256	125.0	5.463e-30								Baseplate J-like protein [PF04865.17]					VOG00111	sp|P51767|BPJ_BPP2 Baseplate protein J; XhXs	Xh;Xs	0.0	0	1.0	False	V	PF10076;COG3778;TIGR02242	Uncharacterized protein YmfQ in lambdoid prophage, DUF2313 family	4.124e-81	css:Cst_c04250  PBSX prophage-like protein;YP_009841792.1 hypothetical protein HWB91_gp04 [Bacillus phage vB_BboS-125];Baseplate J-like protein [PF04865.17];sp|P51767|BPJ_BPP2 Baseplate protein J; XhXs;Uncharacterized protein YmfQ in lambdoid prophage, DUF2313 family
contig_591846	40862	No terminal repeats		63	11	0.9981	0.0018	17	63.3295	Viruses;Duplodnaviria;Heunggongvirae;Uroviricota;Caudoviricetes;;	40862	No		63	30	1	High-quality	High-quality	93.67	AAI-based (medium-confidence)	0.0	1.0		False	contig_591846-cat_1_45	MVP_03_All_Sample_Filtered_Relaxed_Representative_Virus_Provirus_Sequences_DRAM_Input	45	29223.0	29756.0	1.0	C	csd:Clst_0407		csd:Clst_0407  hypothetical protein	False	0.615	213.0	1.123e-60														Bacteriophage Mu-like, Gp48 [PF10076.12]					VOG00792	REFSEQ DUF2313 domain-containing protein; Xu	Xu	0.0	0	2.0	False		PF19789		6.109e-14	csd:Clst_0407  hypothetical protein;;Bacteriophage Mu-like, Gp48 [PF10076.12];REFSEQ DUF2313 domain-containing protein; Xu;
contig_591846	40862	No terminal repeats		63	11	0.9981	0.0018	17	63.3295	Viruses;Duplodnaviria;Heunggongvirae;Uroviricota;Caudoviricetes;;	40862	No		63	30	1	High-quality	High-quality	93.67	AAI-based (medium-confidence)	0.0	1.0		False	contig_591846-cat_1_46	MVP_03_All_Sample_Filtered_Relaxed_Representative_Virus_Provirus_Sequences_DRAM_Input	46	29753.0	30622.0	1.0	C	dds:Ddes_0257		dds:Ddes_0257  hypothetical protein	False	0.354	60.0	2.716e-07																						0.0	1	2.0	False					dds:Ddes_0257  hypothetical protein;;;;
contig_591846	40862	No terminal repeats		63	11	0.9981	0.0018	17	63.3295	Viruses;Duplodnaviria;Heunggongvirae;Uroviricota;Caudoviricetes;;	40862	No		63	30	1	High-quality	High-quality	93.67	AAI-based (medium-confidence)	0.0	1.0		False	contig_591846-cat_1_47	MVP_03_All_Sample_Filtered_Relaxed_Representative_Virus_Provirus_Sequences_DRAM_Input	47	30622.0	30822.0	1.0	E																													0.0	-	2.0	False					;;;;
contig_591846	40862	No terminal repeats		63	11	0.9981	0.0018	17	63.3295	Viruses;Duplodnaviria;Heunggongvirae;Uroviricota;Caudoviricetes;;	40862	No		63	30	1	High-quality	High-quality	93.67	AAI-based (medium-confidence)	0.0	1.0		False	contig_591846-cat_1_48	MVP_03_All_Sample_Filtered_Relaxed_Representative_Virus_Provirus_Sequences_DRAM_Input	48	30819.0	31169.0	1.0	E																													0.0	-	2.0	False					;;;;
contig_591846	40862	No terminal repeats		63	11	0.9981	0.0018	17	63.3295	Viruses;Duplodnaviria;Heunggongvirae;Uroviricota;Caudoviricetes;;	40862	No		63	30	1	High-quality	High-quality	93.67	AAI-based (medium-confidence)	0.0	1.0		False	contig_591846-cat_1_49	MVP_03_All_Sample_Filtered_Relaxed_Representative_Virus_Provirus_Sequences_DRAM_Input	49	31162.0	31443.0	1.0	E																													0.0	-	2.0	False					;;;;
contig_591846	40862	No terminal repeats		63	11	0.9981	0.0018	17	63.3295	Viruses;Duplodnaviria;Heunggongvirae;Uroviricota;Caudoviricetes;;	40862	No		63	30	1	High-quality	High-quality	93.67	AAI-based (medium-confidence)	0.0	1.0		False	contig_591846-cat_1_50	MVP_03_All_Sample_Filtered_Relaxed_Representative_Virus_Provirus_Sequences_DRAM_Input	50	31418.0	31678.0	1.0	E																													0.0	-	2.0	False		PF11166;COG4575	Haemolysin XhlA	2.852e-08	;;;;Haemolysin XhlA
contig_591846	40862	No terminal repeats		63	11	0.9981	0.0018	17	63.3295	Viruses;Duplodnaviria;Heunggongvirae;Uroviricota;Caudoviricetes;;	40862	No		63	30	1	High-quality	High-quality	93.67	AAI-based (medium-confidence)	0.0	1.0		False	contig_591846-cat_1_51	MVP_03_All_Sample_Filtered_Relaxed_Representative_Virus_Provirus_Sequences_DRAM_Input	51	31729.0	32025.0	1.0	E																													0.0	1	2.0	False					;;;;
contig_591846	40862	No terminal repeats		63	11	0.9981	0.0018	17	63.3295	Viruses;Duplodnaviria;Heunggongvirae;Uroviricota;Caudoviricetes;;	40862	No		63	30	1	High-quality	High-quality	93.67	AAI-based (medium-confidence)	0.0	1.0		False	contig_591846-cat_1_52	MVP_03_All_Sample_Filtered_Relaxed_Representative_Virus_Provirus_Sequences_DRAM_Input	52	32037.0	32618.0	1.0	E																													0.0	-	2.0	False					;;;;
contig_591846	40862	No terminal repeats		63	11	0.9981	0.0018	17	63.3295	Viruses;Duplodnaviria;Heunggongvirae;Uroviricota;Caudoviricetes;;	40862	No		63	30	1	High-quality	High-quality	93.67	AAI-based (medium-confidence)	0.0	1.0		False	contig_591846-cat_1_53	MVP_03_All_Sample_Filtered_Relaxed_Representative_Virus_Provirus_Sequences_DRAM_Input	53	32618.0	33133.0	1.0	C	sgy:Sgly_3096		sgy:Sgly_3096  N-acetylmuramoyl-L-alanine amidase	False	0.326	81.0	2.568e-15																						0.0	-	2.0	False					sgy:Sgly_3096  N-acetylmuramoyl-L-alanine amidase;;;;
contig_591846	40862	No terminal repeats		63	11	0.9981	0.0018	17	63.3295	Viruses;Duplodnaviria;Heunggongvirae;Uroviricota;Caudoviricetes;;	40862	No		63	30	1	High-quality	High-quality	93.67	AAI-based (medium-confidence)	0.0	1.0		False	contig_591846-cat_1_54	MVP_03_All_Sample_Filtered_Relaxed_Representative_Virus_Provirus_Sequences_DRAM_Input	54	33493.0	34398.0	-1.0	E																													0.0	-	2.0	False					;;;;
contig_591846	40862	No terminal repeats		63	11	0.9981	0.0018	17	63.3295	Viruses;Duplodnaviria;Heunggongvirae;Uroviricota;Caudoviricetes;;	40862	No		63	30	1	High-quality	High-quality	93.67	AAI-based (medium-confidence)	0.0	1.0		False	contig_591846-cat_1_55	MVP_03_All_Sample_Filtered_Relaxed_Representative_Virus_Provirus_Sequences_DRAM_Input	55	34981.0	35166.0	-1.0	E																													0.0	-	2.0	False		PF00589;TIGR02249;COG4974	integron integrase	6.143e-27	;;;;integron integrase
contig_591846	40862	No terminal repeats		63	11	0.9981	0.0018	17	63.3295	Viruses;Duplodnaviria;Heunggongvirae;Uroviricota;Caudoviricetes;;	40862	No		63	30	1	High-quality	High-quality	93.67	AAI-based (medium-confidence)	0.0	1.0		False	contig_591846-cat_1_56	MVP_03_All_Sample_Filtered_Relaxed_Representative_Virus_Provirus_Sequences_DRAM_Input	56	35476.0	36531.0	-1.0	A	ral:Rumal_2496		ral:Rumal_2496  integrase family protein	True	0.56	377.0	2.819e-114	NP_852561.1	NP_852561.1 DNA integration/recombination/invertion protein [Bacillus phage phBC6A52]	False	0.206	78.0	2.141e-14								Phage integrase family [PF00589.25]					VOG00020	sp|P22877|INTR_SACER Integrase; XhXr	Xh;Xr	0.0	1	2.0	False	VF				ral:Rumal_2496  integrase family protein;NP_852561.1 DNA integration/recombination/invertion protein [Bacillus phage phBC6A52];Phage integrase family [PF00589.25];sp|P22877|INTR_SACER Integrase; XhXr;
contig_591846	40862	No terminal repeats		63	11	0.9981	0.0018	17	63.3295	Viruses;Duplodnaviria;Heunggongvirae;Uroviricota;Caudoviricetes;;	40862	No		63	30	1	High-quality	High-quality	93.67	AAI-based (medium-confidence)	0.0	1.0		False	contig_591846-cat_1_57	MVP_03_All_Sample_Filtered_Relaxed_Representative_Virus_Provirus_Sequences_DRAM_Input	57	36528.0	37163.0	-1.0	C	fpr:FP2_06870		fpr:FP2_06870  SOS-response transcriptional repressors (RecA-mediated autopeptidases) (EC:3.4.21.88)	False	0.398	115.0	2.217e-26							MER0375275	S24	MER0375275 - repressor LexA () [S24.001]#S24#{peptidase unit: 89-203}~source ZP_09532131~	False	0.61	139.0	5.98e-36	Peptidase S24-like [PF00717.26]; Bacteriophage CI repressor helix-turn-helix domain [PF07022.16]					VOG01128	sp|P03034|RPC1_LAMBD Repressor protein cI; Xp	Xp	0.0	-	2.0	False	PF				fpr:FP2_06870  SOS-response transcriptional repressors (RecA-mediated autopeptidases) (EC:3.4.21.88);;Peptidase S24-like [PF00717.26]; Bacteriophage CI repressor helix-turn-helix domain [PF07022.16];sp|P03034|RPC1_LAMBD Repressor protein cI; Xp;
contig_591846	40862	No terminal repeats		63	11	0.9981	0.0018	17	63.3295	Viruses;Duplodnaviria;Heunggongvirae;Uroviricota;Caudoviricetes;;	40862	No		63	30	1	High-quality	High-quality	93.67	AAI-based (medium-confidence)	0.0	1.0		False	contig_591846-cat_1_58	MVP_03_All_Sample_Filtered_Relaxed_Representative_Virus_Provirus_Sequences_DRAM_Input	58	37562.0	37756.0	1.0	E																													0.0	-	2.0	False	F	PF10552	ORF6C domain	4.366e-09	;;;;ORF6C domain
contig_591846	40862	No terminal repeats		63	11	0.9981	0.0018	17	63.3295	Viruses;Duplodnaviria;Heunggongvirae;Uroviricota;Caudoviricetes;;	40862	No		63	30	1	High-quality	High-quality	93.67	AAI-based (medium-confidence)	0.0	1.0		False	contig_591846-cat_1_59	MVP_03_All_Sample_Filtered_Relaxed_Representative_Virus_Provirus_Sequences_DRAM_Input	59	37772.0	38479.0	1.0	C	btg:BTB_c51460		btg:BTB_c51460  yoqD; SPBc2 prophage-derived putative antirepressor protein YoqD	False	0.416	154.0	1.409e-39	YP_010082812.1	YP_010082812.1 hypothetical protein KMD24_gp010 [Fusobacterium phage Fnu1]	False	0.3	100.0	8.652e-23								Phage regulatory protein Rha (Phage_pRha) [PF09669.13]; ORF6C domain [PF10552.12]					VOG01394	REFSEQ hypothetical protein; Xu	Xu	0.0	1	2.0	False	F			1.323e-10	btg:BTB_c51460  yoqD; SPBc2 prophage-derived putative antirepressor protein YoqD;YP_010082812.1 hypothetical protein KMD24_gp010 [Fusobacterium phage Fnu1];Phage regulatory protein Rha (Phage_pRha) [PF09669.13]; ORF6C domain [PF10552.12];REFSEQ hypothetical protein; Xu;
contig_591846	40862	No terminal repeats		63	11	0.9981	0.0018	17	63.3295	Viruses;Duplodnaviria;Heunggongvirae;Uroviricota;Caudoviricetes;;	40862	No		63	30	1	High-quality	High-quality	93.67	AAI-based (medium-confidence)	0.0	1.0		False	contig_591846-cat_1_60	MVP_03_All_Sample_Filtered_Relaxed_Representative_Virus_Provirus_Sequences_DRAM_Input	60	38479.0	38682.0	1.0	E																													0.0	1	2.0	False	F				;;;;
contig_591846	40862	No terminal repeats		63	11	0.9981	0.0018	17	63.3295	Viruses;Duplodnaviria;Heunggongvirae;Uroviricota;Caudoviricetes;;	40862	No		63	30	1	High-quality	High-quality	93.67	AAI-based (medium-confidence)	0.0	1.0		False	contig_591846-cat_1_61	MVP_03_All_Sample_Filtered_Relaxed_Representative_Virus_Provirus_Sequences_DRAM_Input	61	38797.0	39273.0	-1.0	E																													0.0	-	2.0	False	F	PF03374;COG3645	Phage antirepressor protein YoqD, KilAC domain	2.447e-23	;;;;Phage antirepressor protein YoqD, KilAC domain
contig_591846	40862	No terminal repeats		63	11	0.9981	0.0018	17	63.3295	Viruses;Duplodnaviria;Heunggongvirae;Uroviricota;Caudoviricetes;;	40862	No		63	30	1	High-quality	High-quality	93.67	AAI-based (medium-confidence)	0.0	1.0		False	contig_591846-cat_1_62	MVP_03_All_Sample_Filtered_Relaxed_Representative_Virus_Provirus_Sequences_DRAM_Input	62	39329.0	40069.0	1.0	C	cce:Ccel_2852	K07741	cce:Ccel_2852  AntA/AntB antirepressor domain-containing protein; K07741 anti-repressor protein	False	0.624	305.0	2.268e-91	YP_009126518.1	YP_009126518.1 antirepressor protein [Lactobacillus phage Ldl1]	False	0.445	198.0	5.985e-56								Phage antirepressor protein KilAC domain [PF03374.17]; AntA/AntB antirepressor [PF08346.15]					VOG00321	sp|O34449|YOQD_BACSU SPbeta prophage-derived putative antirepressor protein YoqD; Xu	Xu	0.0	1	2.0	False	F				cce:Ccel_2852  AntA/AntB antirepressor domain-containing protein; K07741 anti-repressor protein;YP_009126518.1 antirepressor protein [Lactobacillus phage Ldl1];Phage antirepressor protein KilAC domain [PF03374.17]; AntA/AntB antirepressor [PF08346.15];sp|O34449|YOQD_BACSU SPbeta prophage-derived putative antirepressor protein YoqD; Xu;
contig_591846	40862	No terminal repeats		63	11	0.9981	0.0018	17	63.3295	Viruses;Duplodnaviria;Heunggongvirae;Uroviricota;Caudoviricetes;;	40862	No		63	30	1	High-quality	High-quality	93.67	AAI-based (medium-confidence)	0.0	1.0		False	contig_591846-cat_1_63	MVP_03_All_Sample_Filtered_Relaxed_Representative_Virus_Provirus_Sequences_DRAM_Input	63	40088.0	40264.0	1.0	E																													0.0	-	2.0	False	F			3.228e-16	;;;;
contig_591846	40862	No terminal repeats		63	11	0.9981	0.0018	17	63.3295	Viruses;Duplodnaviria;Heunggongvirae;Uroviricota;Caudoviricetes;;	40862	No		63	30	1	High-quality	High-quality	93.67	AAI-based (medium-confidence)	0.0	1.0		False	contig_591846-cat_1_64	MVP_03_All_Sample_Filtered_Relaxed_Representative_Virus_Provirus_Sequences_DRAM_Input	64	40261.0	40758.0	1.0	C	apa:APP7_0464		apa:APP7_0464  hypothetical protein	False	0.728	171.0	1.151e-46	YP_006990441.1	YP_006990441.1 hypothetical protein D877_gp11 [Edwardsiella phage KF-1]	False	0.487	103.0	9.703e-25								Integrase core domain [PF13333.9]; Integrase core domain [PF13683.9]					VOG01095	REFSEQ hypothetical protein; Xu	Xu	0.0	1	5.0	False	F				apa:APP7_0464  hypothetical protein;YP_006990441.1 hypothetical protein D877_gp11 [Edwardsiella phage KF-1];Integrase core domain [PF13333.9]; Integrase core domain [PF13683.9];REFSEQ hypothetical protein; Xu;
