Sample,treatment,timepoint,Sequencer,total reads (R1+R2)
STM_0716_E_M_E002,unamended,day0,JGI,100000000
STM_0716_E_M_E003,unamended,day0,JGI,83017516
STM_0716_E_M_E004,unamended,day0,JGI,95400980
STM_0716_E_M_E025,unamended,day14,JGI,78691532
STM_0716_E_M_E027,unamended,day14,JGI,100000000
STM_0716_E_M_E029,CT,day14,JGI,88540314
STM_0716_E_M_E030,CT,day14,JGI,98819300
STM_0716_E_M_E031,CT,day14,JGI,100000000
STM_0716_E_M_E033,catechin,day14,JGI,83168470
STM_0716_E_M_E034,catechin,day14,JGI,100000000
STM_0716_E_M_E035,catechin,day14,JGI,99235256
STM_0716_E_M_E050,unamended,day21,JGI,91608098
STM_0716_E_M_E051,unamended,day21,JGI,93570944
STM_0716_E_M_E052,unamended,day21,JGI,80222604
STM_0716_E_M_E054,CT,day21,JGI,81306340
STM_0716_E_M_E055,CT,day21,JGI,100000000
STM_0716_E_M_E056,CT,day21,JGI,100000000
STM_0716_E_M_E058,catechin,day21,JGI,100000000
STM_0716_E_M_E059,catechin,day21,JGI,84557472
STM_0716_E_M_E060,catechin,day21,JGI,100000000
STM_0716_E_M_E062,unamended,day35,JGI,88283948
STM_0716_E_M_E063,unamended,day35,JGI,100000000
STM_0716_E_M_E064,unamended,day35,JGI,100000000
STM_0716_E_M_E066,CT,day35,JGI,100000000
STM_0716_E_M_E067,CT,day35,JGI,100000000
STM_0716_E_M_E068,CT,day35,JGI,96316002
STM_0716_E_M_E070,catechin,day35,JGI,63972406
STM_0716_E_M_E071,catechin,day35,JGI,61512094
STM_0716_E_M_E072,catechin,day35,JGI,100000000
STM_0716_E_M_E121,unamended,day7,JGI,100000000
STM_0716_E_M_E122,unamended,day7,JGI,100000000
STM_0716_E_M_E123,unamended,day7,JGI,100000000
STM_0716_E_M_E125,CT,day7,JGI,100000000
STM_0716_E_M_E126,CT,day7,JGI,100000000
STM_0716_E_M_E127,CT,day7,JGI,100000000
STM_0716_E_M_E129,catechin,day7,JGI,78973250
STM_0716_E_M_E130,catechin,day7,JGI,100000000
STM_0716_E_M_E131,catechin,day7,JGI,100000000
