Observation_n,Virus,Repr host,Repr taxonomy,Pred
893684,contig_776767,Add_20110600_P1M_3,d__Bacteria;p__Acidobacteriota;c__Terriglobia;o__Terriglobales;f__SbA1;g__;s__,0.050133
893685,contig_776767,Add_20110600_P2S_3,d__Bacteria;p__Acidobacteriota;c__Terriglobia;o__Terriglobales;f__Acidobacteriaceae;g__JAKAAZ01;s__,0.028303
893686,contig_776767,Add_20110700_P1S_12,d__Bacteria;p__Acidobacteriota;c__Terriglobia;o__Bryobacterales;f__Bryobacteraceae;g__Bog-105;s__,0.077386
893687,contig_776767,Add_20110800_E2S_12,d__Bacteria;p__Acidobacteriota;c__Terriglobia;o__Terriglobales;f__Koribacteraceae;g__;s__,0.041305
893688,contig_776767,Add_20111000_P1S_6,d__Bacteria;p__Acidobacteriota;c__Terriglobia;o__Terriglobales;f__Acidobacteriaceae;g__CAIVDV01;s__,0.058035
893689,contig_776767,Add_20111000_S2S_7,d__Bacteria;p__Acidobacteriota;c__Terriglobia;o__Bryobacterales;f__Bryobacteraceae;g__Bog-105;s__,0.077386
893690,contig_776767,Add_20150700_P24_7,d__Bacteria;p__Acidobacteriota;c__Terriglobia;o__Terriglobales;f__SbA1;g__;s__,0.050133
893691,contig_776767,Add_3300022861_2,d__Bacteria;p__Acidobacteriota;c__Terriglobia;o__Terriglobales;f__Koribacteraceae;g__TOLSYN;s__,0.077386
893692,contig_776767,Add_Bog.Labelled.R1.T1.F1.JGI.BFC.metaspades_bin.94_86.18_2.60,d__Bacteria;p__Acidobacteriota;c__Terriglobia;o__Terriglobales;f__Acidobacteriaceae;g__Terracidiphilus;s__,0.050133
893693,contig_776767,Add_Bog.Unlabelled.R3.T1.F1.trimmomatic.metaspades_bin.60_91.92_1.02,d__Bacteria;p__Pseudomonadota;c__Gammaproteobacteria;o__Burkholderiales;f__Burkholderiaceae;g__Herbaspirillum;s__,0.024989
893694,contig_776767,Add_Fen.Labelled.R2.T3.F4.trimmomatic.metaspades_bin.21_75.44_5.26,d__Bacteria;p__Pseudomonadota;c__Gammaproteobacteria;o__Pseudomonadales;f__Pseudomonadaceae;g__Pseudomonas_E;s__,0.596627
893695,contig_776767,Add_Fen.Labelled.R3.T2.F4.trimmomatic.megahit_bin.53_71.03_2.00,d__Bacteria;p__Pseudomonadota;c__Gammaproteobacteria;o__Pseudomonadales;f__Pseudomonadaceae;g__Pseudomonas_E;s__,0.596627
893696,contig_776767,Add_Fen.Unlabelled.R1.T2.F2.trimmomatic.metaspades_bin.7_84.67_0.88,d__Bacteria;p__Pseudomonadota;c__Gammaproteobacteria;o__Pseudomonadales;f__Pseudomonadaceae;g__Pseudomonas_E;s__,0.596627
893697,contig_776767,Add_Fen.Unlabelled.R2.T1.F1.trimmomatic.megahit_bin.30_73.19_3.33,d__Bacteria;p__Pseudomonadota;c__Gammaproteobacteria;o__Pseudomonadales;f__Pseudomonadaceae;g__Pseudomonas_E;s__,0.596627
893698,contig_776767,Add_PKWM01,d__Bacteria;p__Pseudomonadota;c__Gammaproteobacteria;o__Burkholderiales;f__Burkholderiaceae_B;g__Rhodoferax;s__,0.009888
893699,contig_776767,Add_Palsa.Labelled.R1.T1.F3.trimmomatic.megahit_bin.19_95.60_0.77,d__Bacteria;p__Pseudomonadota;c__Gammaproteobacteria;o__Burkholderiales;f__Burkholderiaceae;g__;s__,0.024989
893700,contig_776767,Add_Palsa.Unlabelled.R3.T3.F1.trimmomatic.metaspades_bin.16_96.86_2.42,d__Bacteria;p__Pseudomonadota;c__Gammaproteobacteria;o__Burkholderiales;f__Burkholderiaceae;g__PKWO01;s__,0.059590
893701,contig_776767,Add_STM_0716_E_M_E026_A_bin.26,d__Bacteria;p__Pseudomonadota;c__Gammaproteobacteria;o__Pseudomonadales;f__Pseudomonadaceae;g__Pseudomonas_E;s__,0.596627
893702,contig_776767,Add_STM_0716_E_M_E034_E058_E069_D_bin.47,d__Bacteria;p__Pseudomonadota;c__Gammaproteobacteria;o__Pseudomonadales;f__Pseudomonadaceae;g__Pseudomonas_E;s__,0.636642
893703,contig_776767,Add_STM_0716_S_M_E085_A_bin.25,d__Bacteria;p__Acidobacteriota;c__Terriglobia;o__Terriglobales;f__Acidobacteriaceae;g__CAIVDV01;s__,0.050133
893704,contig_776767,GB_GCA_000156295.1,d__Bacteria;p__Pseudomonadota;c__Gammaproteobacteria;o__Pseudomonadales;f__Halieaceae;g__Halioglobus;s__Halioglobus sp000156295,0.032720
893705,contig_776767,GB_GCA_002172625.1,d__Bacteria;p__Verrucomicrobiota;c__Verrucomicrobiae;o__Verrucomicrobiales;f__Akkermansiaceae;g__SW10;s__SW10 sp002172625,0.002896
893706,contig_776767,GB_GCA_002591745.1,d__Bacteria;p__Bacteroidota;c__Bacteroidia;o__Chitinophagales;f__Saprospiraceae;g__Lewinella_A;s__Lewinella_A sp002591745,0.026754
893707,contig_776767,GB_GCA_011053055.1,d__Bacteria;p__Pseudomonadota;c__Gammaproteobacteria;o__Pseudomonadales;f__Pseudomonadaceae;g__Halopseudomonas;s__Halopseudomonas sabulinigri_A,0.049568
893708,contig_776767,GB_GCA_011754095.1,d__Bacteria;p__Pseudomonadota;c__Gammaproteobacteria;o__Enterobacterales;f__Enterobacteriaceae;g__Serratia_I;s__Serratia_I symbiotica_D,0.011786
893709,contig_776767,GB_GCA_011754105.1,d__Bacteria;p__Pseudomonadota;c__Gammaproteobacteria;o__Enterobacterales;f__Enterobacteriaceae;g__Serratia_I;s__Serratia_I symbiotica_E,0.011786
893710,contig_776767,GB_GCA_012523265.1,d__Bacteria;p__Bacteroidota;c__Bacteroidia;o__Bacteroidales;f__4484-276;g__SABY01;s__SABY01 sp012523265,0.006601
893711,contig_776767,GB_GCA_012719855.1,d__Bacteria;p__Pseudomonadota;c__Gammaproteobacteria;o__Enterobacterales;f__Enterobacteriaceae;g__Serratia_J;s__Serratia_J liquefaciens_A,0.016239
893712,contig_776767,GB_GCA_016207275.1,d__Bacteria;p__Patescibacteria;c__ABY1;o__SBBC01;f__SBBC01;g__JACQPY01;s__JACQPY01 sp016207275,0.004582
893713,contig_776767,GB_GCA_016868815.1,d__Bacteria;p__Bacteroidota;c__Bacteroidia;o__Chitinophagales;f__Chitinophagaceae;g__SXYR01;s__SXYR01 sp016868815,0.026754
893714,contig_776767,GB_GCA_017394865.1,d__Bacteria;p__Bacteroidota;c__Bacteroidia;o__Bacteroidales;f__F082;g__Limimorpha;s__Limimorpha sp017394865,0.016254
893715,contig_776767,GB_GCA_017531225.1,d__Bacteria;p__Bacteroidota;c__Bacteroidia;o__Bacteroidales;f__F082;g__Limimorpha;s__Limimorpha sp017531225,0.017477
893716,contig_776767,GB_GCA_017551785.1,d__Bacteria;p__Bacteroidota;c__Bacteroidia;o__Bacteroidales;f__UBA932;g__RUG11257;s__RUG11257 sp017551785,0.006747
893717,contig_776767,GB_GCA_017552475.1,d__Bacteria;p__Bacteroidota;c__Bacteroidia;o__Bacteroidales;f__UBA932;g__Cryptobacteroides;s__Cryptobacteroides sp017552475,0.001255
893718,contig_776767,GB_GCA_018266055.1,d__Bacteria;p__Bacteroidota;c__Bacteroidia;o__Cytophagales;f__Cyclobacteriaceae;g__ELB16-189;s__ELB16-189 sp018266055,0.005142
893719,contig_776767,GB_GCA_018820995.1,d__Bacteria;p__Pseudomonadota;c__Gammaproteobacteria;o__Enterobacterales_A;f__Alteromonadaceae;g__Pararheinheimera;s__Pararheinheimera sp018820995,0.054047
893720,contig_776767,GB_GCA_019285755.1,d__Bacteria;p__Bacteroidota;c__Bacteroidia;o__Chitinophagales;f__Chitinophagaceae;g__Chitinophaga;s__Chitinophaga sp019285755,0.005142
893721,contig_776767,GB_GCA_022841445.1,d__Bacteria;p__Patescibacteria;c__Saccharimonadia;o__Saccharimonadales;f__UBA10212;g__JALHRM01;s__JALHRM01 sp022841445,0.016254
893722,contig_776767,GB_GCA_023417065.1,d__Bacteria;p__Bacteroidota;c__Bacteroidia;o__Cytophagales;f__Cyclobacteriaceae;g__Ohtaekwangia;s__Ohtaekwangia sp023417065,0.004523
893723,contig_776767,GB_GCA_023431285.1,d__Bacteria;p__Bacteroidota;c__Bacteroidia;o__Cytophagales;f__Cyclobacteriaceae;g__Ohtaekwangia;s__Ohtaekwangia sp023431285,0.004582
893724,contig_776767,GB_GCA_024160085.1,d__Bacteria;p__Pseudomonadota;c__Gammaproteobacteria;o__Enterobacterales;f__Enterobacteriaceae;g__Serratia_I;s__Serratia_I symbiotica_F,0.011786
893725,contig_776767,GB_GCA_024400495.1,d__Bacteria;p__Bacteroidota;c__Bacteroidia;o__Bacteroidales;f__P3;g__RUG11139;s__RUG11139 sp024400495,0.017477
893726,contig_776767,GB_GCA_024681295.1,d__Bacteria;p__Bacteroidota;c__Bacteroidia;o__Bacteroidales;f__F082;g__Limimorpha;s__Limimorpha sp024681295,0.016254
893727,contig_776767,GB_GCA_902793295.1,d__Bacteria;p__Bacteroidota;c__Bacteroidia;o__Bacteroidales;f__P3;g__UBA1217;s__UBA1217 sp902793295,0.017477
893728,contig_776767,GB_GCA_902801465.1,d__Bacteria;p__Bacteroidota;c__Bacteroidia;o__Bacteroidales;f__F082;g__Limimorpha;s__Limimorpha sp902801465,0.016254
893729,contig_776767,GB_GCA_903959965.1,d__Bacteria;p__Bacteroidota;c__Bacteroidia;o__Chitinophagales;f__Chitinophagaceae;g__SXYR01;s__SXYR01 sp903959965,0.017477
893730,contig_776767,GB_GCA_905234455.1,d__Bacteria;p__Bacteroidota;c__Bacteroidia;o__Bacteroidales;f__F082;g__Limimorpha;s__Limimorpha sp905234455,0.016254
893731,contig_776767,GB_GCA_905479545.1,d__Bacteria;p__Pseudomonadota;c__Gammaproteobacteria;o__CAJQNE01;f__CAJQNE01;g__CAJQNE01;s__CAJQNE01 sp905479545,0.066814
893732,contig_776767,GB_GCA_910587475.1,d__Bacteria;p__Bacteroidota;c__Bacteroidia;o__Bacteroidales;f__Muribaculaceae;g__CAG-873;s__CAG-873 sp910587475,0.001419
893733,contig_776767,GB_GCA_913773735.1,d__Bacteria;p__Pseudomonadota;c__Gammaproteobacteria;o__Burkholderiales;f__Burkholderiaceae;g__Telluria;s__Telluria sp913773735,0.010355
893734,contig_776767,RS_GCF_000372805.1,d__Bacteria;p__Pseudomonadota;c__Gammaproteobacteria;o__Pseudomonadales;f__Oleiphilaceae;g__Marinobacter;s__Marinobacter gelidimuriae,0.046217
893735,contig_776767,RS_GCF_000373105.1,d__Bacteria;p__Bacteroidota;c__Bacteroidia;o__Chitinophagales;f__Saprospiraceae;g__Lewinella_A;s__Lewinella_A persica,0.003997
893736,contig_776767,RS_GCF_000379165.1,d__Bacteria;p__Pseudomonadota;c__Gammaproteobacteria;o__Pseudomonadales;f__Cellvibrionaceae;g__Teredinibacter;s__Teredinibacter turnerae,0.038041
893737,contig_776767,RS_GCF_000422085.1,d__Bacteria;p__Pseudomonadota;c__Gammaproteobacteria;o__Enterobacterales;f__Enterobacteriaceae;g__Serratia_J;s__Serratia_J liquefaciens,0.016239
893738,contig_776767,RS_GCF_000633355.1,d__Bacteria;p__Pseudomonadota;c__Gammaproteobacteria;o__Enterobacterales;f__Enterobacteriaceae;g__Serratia_A;s__Serratia_A sp000633355,0.016239
893739,contig_776767,RS_GCF_000735345.1,d__Bacteria;p__Pseudomonadota;c__Gammaproteobacteria;o__Enterobacterales;f__Enterobacteriaceae;g__Ewingella;s__Ewingella americana,0.012251
893740,contig_776767,RS_GCF_000743355.1,d__Bacteria;p__Pseudomonadota;c__Gammaproteobacteria;o__Enterobacterales;f__Enterobacteriaceae;g__Chania;s__Chania sp000743355,0.016239
893741,contig_776767,RS_GCF_000754815.1,d__Bacteria;p__Pseudomonadota;c__Gammaproteobacteria;o__Enterobacterales;f__Enterobacteriaceae;g__Yersinia;s__Yersinia ruckeri,0.012251
893742,contig_776767,RS_GCF_000773975.1,d__Bacteria;p__Pseudomonadota;c__Gammaproteobacteria;o__Enterobacterales;f__Enterobacteriaceae;g__Erwinia;s__Erwinia typographi,0.011786
893743,contig_776767,RS_GCF_000821185.2,d__Bacteria;p__Pseudomonadota;c__Gammaproteobacteria;o__Enterobacterales;f__Enterobacteriaceae;g__Serratia_I;s__Serratia_I symbiotica,0.012251
893744,contig_776767,RS_GCF_001006005.1,d__Bacteria;p__Pseudomonadota;c__Gammaproteobacteria;o__Enterobacterales;f__Enterobacteriaceae;g__Serratia_A;s__Serratia_A fonticola,0.016239
893745,contig_776767,RS_GCF_001043175.1,d__Bacteria;p__Pseudomonadota;c__Gammaproteobacteria;o__Pseudomonadales;f__Oleiphilaceae;g__Marinobacter;s__Marinobacter psychrophilus,0.049379
893746,contig_776767,RS_GCF_001112925.1,d__Bacteria;p__Pseudomonadota;c__Gammaproteobacteria;o__Enterobacterales;f__Enterobacteriaceae;g__Yersinia;s__Yersinia nurmii,0.016239
893747,contig_776767,RS_GCF_001590905.1,d__Bacteria;p__Pseudomonadota;c__Gammaproteobacteria;o__Enterobacterales;f__Enterobacteriaceae;g__Serratia_J;s__Serratia_J grimesii,0.016239
893748,contig_776767,RS_GCF_001590925.1,d__Bacteria;p__Pseudomonadota;c__Gammaproteobacteria;o__Enterobacterales;f__Enterobacteriaceae;g__Serratia_J;s__Serratia_J plymuthica,0.016239
893749,contig_776767,RS_GCF_001625015.1,d__Bacteria;p__Bacteroidota;c__Bacteroidia;o__Chitinophagales;f__Saprospiraceae;g__Lewinella_A;s__Lewinella_A sp001625015,0.003997
893750,contig_776767,RS_GCF_001642805.2,d__Bacteria;p__Pseudomonadota;c__Gammaproteobacteria;o__Enterobacterales;f__Enterobacteriaceae;g__Serratia;s__Serratia surfactantfaciens,0.016239
893751,contig_776767,RS_GCF_001656035.1,d__Bacteria;p__Pseudomonadota;c__Gammaproteobacteria;o__Enterobacterales;f__Enterobacteriaceae;g__Yersinia;s__Yersinia entomophaga,0.016239
893752,contig_776767,RS_GCF_001902635.1,d__Bacteria;p__Pseudomonadota;c__Gammaproteobacteria;o__Enterobacterales;f__Enterobacteriaceae;g__Serratia;s__Serratia marcescens_F,0.016239
893753,contig_776767,RS_GCF_002091675.1,d__Bacteria;p__Pseudomonadota;c__Gammaproteobacteria;o__Pseudomonadales;f__Pseudomonadaceae;g__Pseudomonas_B;s__Pseudomonas_B luteola,0.355660
893754,contig_776767,RS_GCF_002163625.1,d__Bacteria;p__Pseudomonadota;c__Gammaproteobacteria;o__Pseudomonadales;f__Pseudomonadaceae;g__Pseudomonas_E;s__Pseudomonas_E sp002163625,0.570883
893755,contig_776767,RS_GCF_002563885.1,d__Bacteria;p__Pseudomonadota;c__Gammaproteobacteria;o__Pseudomonadales;f__Oleiphilaceae;g__Marinobacter;s__Marinobacter sp002563885,0.046217
893756,contig_776767,RS_GCF_002903165.1,d__Bacteria;p__Pseudomonadota;c__Gammaproteobacteria;o__Pseudomonadales;f__Pseudomonadaceae;g__Halopseudomonas;s__Halopseudomonas oceani,0.039480
893757,contig_776767,RS_GCF_003050835.1,d__Bacteria;p__Pseudomonadota;c__Gammaproteobacteria;o__Pseudomonadales;f__Pseudomonadaceae;g__Pseudomonas_E;s__Pseudomonas_E sp003050835,0.581708
893758,contig_776767,RS_GCF_003363015.1,d__Bacteria;p__Pseudomonadota;c__Gammaproteobacteria;o__Enterobacterales;f__Enterobacteriaceae;g__Enterobacillus;s__Enterobacillus tribolii,0.018263
893759,contig_776767,RS_GCF_003589925.1,d__Bacteria;p__Bacteroidota;c__Bacteroidia;o__Cytophagales;f__Cyclobacteriaceae;g__Chryseolinea;s__Chryseolinea soli,0.004541
893760,contig_776767,RS_GCF_003591175.1,d__Bacteria;p__Pseudomonadota;c__Gammaproteobacteria;o__Enterobacterales;f__Enterobacteriaceae;g__Serratia_J;s__Serratia_J inhibens,0.018263
893761,contig_776767,RS_GCF_003596405.1,d__Bacteria;p__Pseudomonadota;c__Gammaproteobacteria;o__Pseudomonadales;f__Pseudomonadaceae;g__Pseudomonas_E;s__Pseudomonas_E cavernicola,0.636642
893762,contig_776767,RS_GCF_003797945.1,d__Bacteria;p__Pseudomonadota;c__Gammaproteobacteria;o__Pseudomonadales;f__Pseudomonadaceae;g__Halopseudomonas;s__Halopseudomonas neustonica,0.049568
893763,contig_776767,RS_GCF_003812745.1,d__Bacteria;p__Pseudomonadota;c__Gammaproteobacteria;o__Enterobacterales;f__Enterobacteriaceae;g__Serratia;s__Serratia sp003812745,0.016239
893764,contig_776767,RS_GCF_003987065.1,d__Bacteria;p__Pseudomonadota;c__Gammaproteobacteria;o__Enterobacterales_A;f__Alteromonadaceae;g__Pseudidiomarina;s__Pseudidiomarina insulisalsae,0.054047
893765,contig_776767,RS_GCF_003987475.1,d__Bacteria;p__Pseudomonadota;c__Gammaproteobacteria;o__Enterobacterales_A;f__Alteromonadaceae;g__Idiomarina;s__Idiomarina tyrosinivorans,0.054047
893766,contig_776767,RS_GCF_004005945.1,d__Bacteria;p__Pseudomonadota;c__Gammaproteobacteria;o__Enterobacterales_A;f__Alteromonadaceae;g__Pararheinheimera;s__Pararheinheimera riviphila,0.054047
893767,contig_776767,RS_GCF_004801935.1,d__Bacteria;p__Pseudomonadota;c__Gammaproteobacteria;o__Pseudomonadales;f__Pseudomonadaceae;g__Pseudomonas_E;s__Pseudomonas_E atacamensis,0.800318
893768,contig_776767,RS_GCF_006715005.1,d__Bacteria;p__Pseudomonadota;c__Gammaproteobacteria;o__Enterobacterales;f__Enterobacteriaceae;g__Serratia;s__Serratia marcescens_J,0.016239
893769,contig_776767,RS_GCF_007671675.1,d__Bacteria;p__Pseudomonadota;c__Gammaproteobacteria;o__Pseudomonadales;f__Oleiphilaceae;g__Marinobacter;s__Marinobacter maritimus,0.032869
893770,contig_776767,RS_GCF_008011855.1,d__Bacteria;p__Pseudomonadota;c__Gammaproteobacteria;o__Enterobacterales;f__Enterobacteriaceae;g__Serratia;s__Serratia bockelmannii,0.016239
893771,contig_776767,RS_GCF_008014675.1,d__Bacteria;p__Bacteroidota;c__Bacteroidia;o__Chitinophagales;f__Saprospiraceae;g__Lewinella_A;s__Lewinella_A aurantiaca,0.003997
893772,contig_776767,RS_GCF_008364245.1,d__Bacteria;p__Pseudomonadota;c__Gammaproteobacteria;o__Enterobacterales;f__Enterobacteriaceae;g__Serratia;s__Serratia nevei,0.016239
893773,contig_776767,RS_GCF_008830365.1,d__Bacteria;p__Pseudomonadota;c__Gammaproteobacteria;o__Enterobacterales;f__Enterobacteriaceae;g__Serratia_J;s__Serratia_J proteamaculans,0.016239
893774,contig_776767,RS_GCF_009766095.1,d__Bacteria;p__Acidobacteriota;c__Terriglobia;o__Terriglobales;f__Acidobacteriaceae;g__Edaphobacter;s__Edaphobacter sp009766095,0.077386
893775,contig_776767,RS_GCF_011683955.1,d__Bacteria;p__Pseudomonadota;c__Gammaproteobacteria;o__Pseudomonadales;f__Cellvibrionaceae;g__Pseudomaricurvus;s__Pseudomaricurvus alkylphenolicus,0.032869
893776,contig_776767,RS_GCF_013337185.1,d__Bacteria;p__Pseudomonadota;c__Gammaproteobacteria;o__Enterobacterales;f__Enterobacteriaceae;g__Serratia_J;s__Serratia_J proteamaculans_D,0.016239
893777,contig_776767,RS_GCF_014640335.1,d__Bacteria;p__Acidobacteriota;c__Terriglobia;o__Terriglobales;f__Acidobacteriaceae;g__Edaphobacter;s__Edaphobacter dinghuensis,0.077386
893778,contig_776767,RS_GCF_014773395.1,d__Bacteria;p__Pseudomonadota;c__Gammaproteobacteria;o__Enterobacterales_A;f__Neiellaceae;g__Neiella;s__Neiella sp014773395,0.070808
893779,contig_776767,RS_GCF_016881005.1,d__Bacteria;p__Pseudomonadota;c__Gammaproteobacteria;o__Pseudomonadales;f__Pseudomonadaceae;g__Pseudomonas_E;s__Pseudomonas_E arcuscaelestis,0.634419
893780,contig_776767,RS_GCF_016906995.1,d__Bacteria;p__Pseudomonadota;c__Gammaproteobacteria;o__Pseudomonadales;f__Spongiibacteraceae;g__Spongiibacter;s__Spongiibacter marinus,0.032869
893781,contig_776767,RS_GCF_017832355.1,d__Bacteria;p__Pseudomonadota;c__Gammaproteobacteria;o__Enterobacterales;f__Enterobacteriaceae;g__Serratia_J;s__Serratia_J sp017832355,0.016239
893782,contig_776767,RS_GCF_017912535.1,d__Bacteria;p__Pseudomonadota;c__Gammaproteobacteria;o__Pseudomonadales;f__Nitrincolaceae;g__Motiliproteus;s__Motiliproteus sediminis,0.037128
893783,contig_776767,RS_GCF_018336935.1,d__Bacteria;p__Pseudomonadota;c__Gammaproteobacteria;o__Enterobacterales;f__Enterobacteriaceae;g__Serratia_J;s__Serratia_J plymuthica_B,0.016239
893784,contig_776767,RS_GCF_019733355.1,d__Bacteria;p__Pseudomonadota;c__Gammaproteobacteria;o__Pseudomonadales;f__Pseudomonadaceae;g__Pseudomonas_E;s__Pseudomonas_E baetica_A,0.627795
893785,contig_776767,RS_GCF_021462285.1,d__Bacteria;p__Pseudomonadota;c__Gammaproteobacteria;o__Enterobacterales;f__Enterobacteriaceae;g__Serratia;s__Serratia entomophila,0.018263
893786,contig_776767,RS_GCF_023072615.1,d__Bacteria;p__Pseudomonadota;c__Gammaproteobacteria;o__Pseudomonadales;f__Pseudomonadaceae;g__Pseudomonas_E;s__Pseudomonas_E sp023072615,0.113888
893787,contig_776767,RS_GCF_023282985.1,d__Bacteria;p__Pseudomonadota;c__Gammaproteobacteria;o__Enterobacterales;f__Enterobacteriaceae;g__Serratia_A;s__Serratia_A sp023282985,0.016239
893788,contig_776767,RS_GCF_023311895.1,d__Bacteria;p__Pseudomonadota;c__Gammaproteobacteria;o__Pseudomonadales;f__Oleiphilaceae;g__Marinobacter;s__Marinobacter sp023311895,0.046217
893789,contig_776767,RS_GCF_024160145.1,d__Bacteria;p__Pseudomonadota;c__Gammaproteobacteria;o__Enterobacterales;f__Enterobacteriaceae;g__Serratia;s__Serratia nevei_A,0.016239
893790,contig_776767,RS_GCF_024730785.1,d__Bacteria;p__Pseudomonadota;c__Gammaproteobacteria;o__Pseudomonadales;f__Pseudomonadaceae;g__Pseudomonas_E;s__Pseudomonas_E sp024730785,0.614416
893791,contig_776767,RS_GCF_024793895.1,d__Bacteria;p__Pseudomonadota;c__Gammaproteobacteria;o__Enterobacterales;f__Enterobacteriaceae;g__Serratia_F;s__Serratia_F sp024793895,0.018263
893792,contig_776767,RS_GCF_900105115.1,d__Bacteria;p__Pseudomonadota;c__Gammaproteobacteria;o__Pseudomonadales;f__Pseudomonadaceae;g__Pseudomonas_E;s__Pseudomonas_E mohnii,0.841607
893793,contig_776767,RS_GCF_900110645.1,d__Bacteria;p__Bacteroidota;c__Bacteroidia;o__Chitinophagales;f__Saprospiraceae;g__Lewinella_A;s__Lewinella_A agarilytica,0.007277
893794,contig_776767,RS_GCF_900113705.1,d__Bacteria;p__Pseudomonadota;c__Gammaproteobacteria;o__Burkholderiales;f__Burkholderiaceae;g__Collimonas;s__Collimonas sp900113705,0.033521
893795,contig_776767,RS_GCF_900129725.1,d__Bacteria;p__Bacteroidota;c__Bacteroidia;o__Cytophagales;f__Cyclobacteriaceae;g__Chryseolinea;s__Chryseolinea serpens,0.004541
893796,contig_776767,RS_GCF_900167135.1,d__Bacteria;p__Bacteroidota;c__Bacteroidia;o__Chitinophagales;f__Chitinophagaceae;g__Chitinophaga;s__Chitinophaga eiseniae,0.004582
893797,contig_776767,RS_GCF_900457075.1,d__Bacteria;p__Pseudomonadota;c__Gammaproteobacteria;o__Enterobacterales;f__Enterobacteriaceae;g__Serratia_J;s__Serratia_J quinivorans,0.016239
893798,contig_776767,RS_GCF_900635445.1,d__Bacteria;p__Pseudomonadota;c__Gammaproteobacteria;o__Enterobacterales;f__Enterobacteriaceae;g__Serratia_F;s__Serratia_F odorifera,0.018263
893799,contig_776767,RS_GCF_902498805.1,d__Bacteria;p__Bacteroidota;c__Bacteroidia;o__Cytophagales;f__Cyclobacteriaceae;g__Imperialibacter;s__Imperialibacter sp902498805,0.008602
21944,contig_1093732,Add_3300026366_1,d__Bacteria;p__Bacillota_A;c__Clostridia;o__Clostridiales;f__Clostridiaceae;g__Clostridium_I;s__,0.068193
21945,contig_1093732,Add_Bog.Labelled.R1.T1.F1.JGI.BFC.metaspades_bin.64_100.00_1.08,d__Bacteria;p__Bacillota_A;c__Clostridia;o__Clostridiales;f__Clostridiaceae;g__Clostridium;s__,0.060698
21946,contig_1093732,Add_Fen.Labelled.R2.T1.F2.JGI.BFC.metaspades_bin.6_87.76_3.48,d__Bacteria;p__Bacillota_A;c__Clostridia;o__Clostridiales;f__Clostridiaceae;g__Clostridium;s__,0.060698
21947,contig_1093732,Add_Fen.Labelled.R3.T1.F2.JGI.BFC.metaspades_bin.26_80.66_5.49,d__Bacteria;p__Bacillota_A;c__Clostridia;o__Clostridiales;f__Clostridiaceae;g__Clostridium;s__,0.060698
21948,contig_1093732,Add_Fen.Unlabelled.R1.T1.F1.JGI.BFC.metaspades_bin.15_79.61_4.68,d__Bacteria;p__Bacillota_A;c__Clostridia;o__Clostridiales;f__Clostridiaceae;g__Clostridium;s__,0.060698
21949,contig_1093732,Add_STM_0716_E_M_E026_A_bin.32,d__Bacteria;p__Bacillota_A;c__Clostridia;o__Clostridiales;f__Clostridiaceae;g__Clostridium;s__,0.035706
21950,contig_1093732,Add_STM_0716_E_M_E026_E030_E034_A_multi_bin.55,d__Bacteria;p__Bacillota_A;c__Clostridia;o__Clostridiales;f__Caloramatoraceae;g__;s__,0.051152
21951,contig_1093732,Add_STM_0716_E_M_E026_E030_E034_D_multi_bin.46,d__Bacteria;p__Bacillota_A;c__Clostridia;o__Clostridiales;f__Clostridiaceae;g__Clostridium;s__,0.048327
21952,contig_1093732,Add_STM_0716_E_M_E026_E030_E034_D_multi_bin.57,d__Bacteria;p__Bacillota_A;c__Clostridia;o__Clostridiales;f__Clostridiaceae;g__Clostridium;s__,0.060698
21953,contig_1093732,Add_STM_0716_E_M_E026_E050_A_bin.98,d__Bacteria;p__Bacillota_A;c__Clostridia;o__Clostridiales;f__Clostridiaceae;g__Clostridium;s__,0.048327
21954,contig_1093732,Add_STM_0716_E_M_E034_E058_A_bin.128,d__Bacteria;p__Bacillota_A;c__Clostridia;o__Clostridiales;f__Clostridiaceae;g__Clostridium;s__,0.048327
21955,contig_1093732,Add_STM_0716_E_M_E034_E058_A_bin.85,d__Bacteria;p__Bacillota_A;c__Clostridia;o__Clostridiales;f__Clostridiaceae;g__;s__,0.068193
21956,contig_1093732,Add_STM_0716_E_M_E050_E054_E058_A_bin.156,d__Bacteria;p__Bacillota_A;c__Clostridia;o__Clostridiales;f__Clostridiaceae;g__Clostridium;s__,0.048327
21957,contig_1093732,Add_STM_0716_E_M_E050_E054_E058_D_bin.80,d__Archaea;p__Methanobacteriota;c__Methanobacteria;o__Methanobacteriales;f__Methanobacteriaceae;g__Methanobacterium_B;s__,0.009826
21958,contig_1093732,Add_STM_0716_E_M_E054_A_bin.52,d__Bacteria;p__Bacillota_A;c__Clostridia;o__Clostridiales;f__Clostridiaceae;g__Clostridium;s__,0.060698
21959,contig_1093732,Add_STM_0716_E_M_E069_D_bin.56,d__Bacteria;p__Bacillota_A;c__Clostridia;o__Clostridiales;f__Clostridiaceae;g__Clostridium;s__,0.048327
21960,contig_1093732,Add_STM_0716_E_M_E069_E061_E_bin.45,d__Bacteria;p__Bacillota_A;c__Clostridia;o__Clostridiales;f__Clostridiaceae;g__Clostridium_AM;s__,0.068193
21961,contig_1093732,Add_STM_0716_E_M_E069_E061_E_bin.70,d__Bacteria;p__Bacillota_A;c__Clostridia;o__Clostridiales;f__Clostridiaceae;g__Clostridium;s__,0.035706
21962,contig_1093732,Add_STM_0716_E_M_E069_E065_A_bin.5,d__Bacteria;p__Bacillota_A;c__Clostridia;o__Clostridiales;f__Clostridiaceae;g__Clostridium;s__,0.048327
21963,contig_1093732,Add_STM_0716_E_M_E069_I_bin.13,d__Bacteria;p__Bacillota_A;c__Clostridia;o__Clostridiales;f__Clostridiaceae;g__Clostridium;s__,0.048327
21964,contig_1093732,GB_GCA_000020605.1,d__Bacteria;p__Bacillota_A;c__Clostridia;o__Lachnospirales;f__Lachnospiraceae;g__Agathobacter;s__Agathobacter rectalis,0.048859
21965,contig_1093732,GB_GCA_000431235.1,d__Bacteria;p__Bacillota;c__Bacilli;o__ML615J-28;f__CAG-698;g__CAG-698;s__CAG-698 sp000431235,0.060994
21966,contig_1093732,GB_GCA_000431335.1,d__Bacteria;p__Bacillota_A;c__Clostridia;o__TANB77;f__CAG-508;g__CAG-269;s__CAG-269 sp000431335,0.024722
21967,contig_1093732,GB_GCA_000432435.1,d__Bacteria;p__Bacillota_A;c__Clostridia;o__Oscillospirales;f__Acutalibacteraceae;g__Fimenecus;s__Fimenecus sp000432435,0.020114
21968,contig_1093732,GB_GCA_000434335.1,d__Bacteria;p__Bacillota_A;c__Clostridia;o__TANB77;f__CAG-508;g__CAG-492;s__CAG-492 sp000434335,0.035706
21969,contig_1093732,GB_GCA_001795385.1,d__Bacteria;p__Bacillota_A;c__Clostridia;o__Lachnospirales;f__UBA12420;g__UBA12420;s__UBA12420 sp001795385,0.087729
21970,contig_1093732,GB_GCA_002437665.1,d__Bacteria;p__Pseudomonadota;c__Alphaproteobacteria;o__Rs-D84;f__Rs-D84;g__Enterousia;s__Enterousia sp002437665,0.015261
21971,contig_1093732,GB_GCA_002438065.1,d__Bacteria;p__Bacillota;c__Bacilli;o__RF39;f__UBA660;g__CAG-533;s__CAG-533 sp002438065,0.030832
21972,contig_1093732,GB_GCA_002449785.1,d__Bacteria;p__Bacillota_A;c__Clostridia;o__TANB77;f__CAG-508;g__Scatovivens;s__Scatovivens sp002449785,0.024722
21973,contig_1093732,GB_GCA_003452395.1,d__Bacteria;p__Bacillota_A;c__Clostridia;o__Lachnospirales;f__UBA12420;g__UBA12420;s__UBA12420 sp003452395,0.087729
21974,contig_1093732,GB_GCA_003858585.1,d__Bacteria;p__Bacillota;c__Bacilli;o__Erysipelotrichales;f__Erysipelotrichaceae;g__RQZE01;s__RQZE01 sp003858585,0.079481
21975,contig_1093732,GB_GCA_012837865.1,d__Bacteria;p__Bacillota_A;c__Clostridia;o__Lachnospirales;f__Lachnospiraceae;g__Mobilitalea;s__Mobilitalea sp012837865,0.039447
21976,contig_1093732,GB_GCA_012841535.1,d__Bacteria;p__Bacillota_A;c__Clostridia;o__Tissierellales;f__Peptoniphilaceae;g__Miniphocaeibacter;s__Miniphocaeibacter sp012841535,0.027614
21977,contig_1093732,GB_GCA_015059335.1,d__Bacteria;p__Bacillota;c__Bacilli;o__RF39;f__UBA660;g__SIG205;s__SIG205 sp015059335,0.092571
21978,contig_1093732,GB_GCA_015059365.1,d__Bacteria;p__Bacillota;c__Bacilli;o__RF39;f__UBA660;g__SIG204;s__SIG204 sp015059365,0.060994
21979,contig_1093732,GB_GCA_015272165.1,d__Bacteria;p__Cyanobacteriota;c__Cyanobacteriia;o__Cyanobacteriales;f__Cyanobacteriaceae;g__Cyanobacterium;s__Cyanobacterium sp015272165,0.028950
21980,contig_1093732,GB_GCA_016297695.1,d__Bacteria;p__Bacillota;c__Bacilli;o__RF39;f__UBA660;g__RUG14121;s__RUG14121 sp016297695,0.040908
21981,contig_1093732,GB_GCA_017410525.1,d__Bacteria;p__Bacillota;c__Bacilli;o__RF39;f__UBA660;g__UMGS1613;s__UMGS1613 sp017410525,0.030832
21982,contig_1093732,GB_GCA_017435465.1,d__Bacteria;p__Bacillota;c__Bacilli;o__RF39;f__UBA660;g__JAFSEX01;s__JAFSEX01 sp017435465,0.092571
21983,contig_1093732,GB_GCA_017441065.1,d__Bacteria;p__Bacillota;c__Bacilli;o__RF39;f__UBA660;g__SIG200;s__SIG200 sp017441065,0.030832
21984,contig_1093732,GB_GCA_017458285.1,d__Bacteria;p__Bacillota_A;c__Clostridia;o__TANB77;f__CAG-508;g__CAG-269;s__CAG-269 sp017458285,0.024722
21985,contig_1093732,GB_GCA_017462455.1,d__Bacteria;p__Bacillota;c__Bacilli;o__RF39;f__UBA660;g__UMGS1613;s__UMGS1613 sp017462455,0.030259
21986,contig_1093732,GB_GCA_017476705.1,d__Bacteria;p__Bacillota;c__Bacilli;o__RF39;f__UBA660;g__CAJOJO01;s__CAJOJO01 sp017476705,0.030832
21987,contig_1093732,GB_GCA_017525855.1,d__Bacteria;p__Bacillota;c__Bacilli;o__RF39;f__UBA660;g__CAG-417;s__CAG-417 sp017525855,0.040908
21988,contig_1093732,GB_GCA_017528315.1,d__Bacteria;p__Bacillota;c__Bacilli;o__RF39;f__UBA660;g__RUG591;s__RUG591 sp017528315,0.040908
21989,contig_1093732,GB_GCA_017888565.1,d__Bacteria;p__Bacillota_A;c__Clostridia;o__Clostridiales;f__Clostridiaceae;g__Clostridium;s__Clostridium sp017888565,0.052430
21990,contig_1093732,GB_GCA_017938725.1,d__Bacteria;p__Bacillota;c__Bacilli;o__RF39;f__UBA660;g__CAG-433;s__CAG-433 sp017938725,0.040908
21991,contig_1093732,GB_GCA_018433765.1,d__Bacteria;p__Bacillota_A;c__Clostridia;o__Tissierellales;f__Sedimentibacteraceae;g__SM3-B41;s__SM3-B41 sp018433765,0.073612
21992,contig_1093732,GB_GCA_018716405.1,d__Bacteria;p__Bacillota;c__Bacilli;o__RF39;f__UBA660;g__Faecisoma;s__Faecisoma merdavium,0.030832
21993,contig_1093732,GB_GCA_018830325.1,d__Bacteria;p__Pseudomonadota;c__Gammaproteobacteria;o__Methylococcales;f__Methylomonadaceae;g__Methylotuvimicrobium;s__Methylotuvimicrobium sp018830325,0.079847
21994,contig_1093732,GB_GCA_019417465.1,d__Bacteria;p__Bacillota_A;c__Clostridia;o__TANB77;f__CAG-508;g__CAG-492;s__CAG-492 sp019417465,0.044676
21995,contig_1093732,GB_GCA_021372645.1,d__Bacteria;p__Bacillota_A;c__Clostridia;o__Clostridiales;f__Clostridiaceae;g__Clostridium;s__Clostridium sp021372645,0.048327
21996,contig_1093732,GB_GCA_022508565.1,d__Bacteria;p__Bacillota;c__Bacilli;o__RF39;f__UBA660;g__CAG-582;s__CAG-582 sp022508565,0.030259
21997,contig_1093732,GB_GCA_022782605.1,d__Bacteria;p__Bacillota_A;c__Clostridia;o__Peptostreptococcales;f__Peptostreptococcaceae;g__Terrisporobacter;s__Terrisporobacter sp022782605,0.052430
21998,contig_1093732,GB_GCA_023229785.1,d__Bacteria;p__Patescibacteria;c__Dojkabacteria;o__SC72;f__SC72;g__JALNYV01;s__JALNYV01 sp023229785,0.028922
21999,contig_1093732,GB_GCA_023435985.1,d__Bacteria;p__Bacillota_A;c__Clostridia;o__Clostridiales;f__Clostridiaceae;g__Clostridium;s__Clostridium sp023435985,0.060698
22000,contig_1093732,GB_GCA_023460995.1,d__Bacteria;p__Bacillota;c__Bacilli;o__RF39;f__UBA660;g__RGIG4266;s__RGIG4266 sp023460995,0.040908
22001,contig_1093732,GB_GCA_025146925.1,d__Bacteria;p__Bacillota_A;c__Clostridia;o__Lachnospirales;f__Lachnospiraceae;g__Bacteroides_F;s__Bacteroides_F pectinophilus,0.052101
22002,contig_1093732,GB_GCA_025148445.1,d__Bacteria;p__Bacillota_A;c__Clostridia;o__Lachnospirales;f__Lachnospiraceae;g__Butyrivibrio_A;s__Butyrivibrio_A crossotus,0.060952
22003,contig_1093732,GB_GCA_025149465.1,d__Bacteria;p__Bacillota;c__Bacilli;o__Erysipelotrichales;f__Coprobacillaceae;g__Thomasclavelia;s__Thomasclavelia spiroformis,0.670407
22004,contig_1093732,GB_GCA_900547995.1,d__Bacteria;p__Bacillota;c__Bacilli;o__RF39;f__UBA660;g__UMGS1045;s__UMGS1045 sp900547995,0.040908
22005,contig_1093732,GB_GCA_900550145.1,d__Bacteria;p__Bacillota;c__Bacilli;o__RF39;f__UBA660;g__CAG-1193;s__CAG-1193 sp900550145,0.083708
22006,contig_1093732,GB_GCA_900553755.1,d__Bacteria;p__Bacillota_A;c__Clostridia;o__TANB77;f__CAG-508;g__UMGS1901;s__UMGS1901 sp900553755,0.024722
22007,contig_1093732,GB_GCA_900556025.1,d__Bacteria;p__Bacillota;c__Bacilli;o__RF39;f__UBA660;g__CAG-1000;s__CAG-1000 sp900556025,0.030832
22008,contig_1093732,GB_GCA_900752905.1,d__Bacteria;p__Bacillota;c__Bacilli;o__RF39;f__UBA660;g__HGM10857;s__HGM10857 sp900557305,0.040908
22009,contig_1093732,GB_GCA_900757295.1,d__Bacteria;p__Bacillota;c__Bacilli;o__RF39;f__UBA660;g__HGM10766;s__HGM10766 sp900757295,0.040908
22010,contig_1093732,GB_GCA_900758165.1,d__Bacteria;p__Bacillota_A;c__Clostridia;o__TANB77;f__CAG-508;g__CAG-245;s__CAG-245 sp900758165,0.024722
22011,contig_1093732,GB_GCA_902363255.1,d__Bacteria;p__Bacillota_A;c__Clostridia;o__Peptostreptococcales;f__Peptostreptococcaceae;g__Terrisporobacter;s__Terrisporobacter sp902363255,0.052430
22012,contig_1093732,GB_GCA_902767365.1,d__Bacteria;p__Bacillota;c__Bacilli;o__RF39;f__UBA660;g__RUG13868;s__RUG13868 sp902767365,0.040908
22013,contig_1093732,GB_GCA_902794075.1,d__Bacteria;p__Bacillota;c__Bacilli;o__RF39;f__UBA660;g__UBA3789;s__UBA3789 sp902794075,0.030832
22014,contig_1093732,GB_GCA_905215145.1,d__Bacteria;p__Bacillota;c__Bacilli;o__RF39;f__UBA660;g__UMGS872;s__UMGS872 sp905215145,0.040908
22015,contig_1093732,GB_GCA_910584085.1,d__Bacteria;p__Bacillota;c__Bacilli;o__RF39;f__UBA660;g__UMGS1613;s__UMGS1613 sp910584085,0.030259
22016,contig_1093732,GB_GCA_934119965.1,d__Bacteria;p__Bacillota;c__Bacilli;o__RF39;f__UBA660;g__CAJOJO01;s__CAJOJO01 sp934119965,0.040908
22017,contig_1093732,GB_GCA_934120015.1,d__Bacteria;p__Bacillota;c__Bacilli;o__RF39;f__UBA660;g__UMGS1045;s__UMGS1045 sp934120015,0.040908
22018,contig_1093732,GB_GCA_934141245.1,d__Bacteria;p__Bacillota;c__Bacilli;o__RF39;f__UBA660;g__CAG-710;s__CAG-710 sp934141245,0.060994
22019,contig_1093732,GB_GCA_934153945.1,d__Bacteria;p__Bacillota;c__Bacilli;o__RF39;f__UBA660;g__UMGS1498;s__UMGS1498 sp934153945,0.040908
22020,contig_1093732,GB_GCA_934167135.1,d__Bacteria;p__Bacillota_A;c__Clostridia;o__TANB77;f__CAG-508;g__CAG-269;s__CAG-269 sp934167135,0.024722
22021,contig_1093732,GB_GCA_934177795.1,d__Bacteria;p__Bacillota_A;c__Clostridia;o__TANB77;f__CAG-508;g__CAG-269;s__CAG-269 sp934177795,0.024722
22022,contig_1093732,GB_GCA_934178475.1,d__Bacteria;p__Bacillota_A;c__Clostridia;o__TANB77;f__CAG-508;g__CAG-269;s__CAG-269 sp934178475,0.024722
22023,contig_1093732,GB_GCA_934178555.1,d__Bacteria;p__Bacillota_A;c__Clostridia;o__TANB77;f__CAG-508;g__CAKPQL01;s__CAKPQL01 sp934178555,0.080144
22024,contig_1093732,GB_GCA_934454005.1,d__Bacteria;p__Bacillota_A;c__Clostridia;o__Oscillospirales;f__Acutalibacteraceae;g__HGM12814;s__HGM12814 sp934454005,0.024722
22025,contig_1093732,GB_GCA_944324795.1,d__Bacteria;p__Bacillota;c__Bacilli;o__Acholeplasmatales;f__Anaeroplasmataceae;g__CALUXS01;s__CALUXS01 sp944324795,0.024865
22026,contig_1093732,GB_GCA_944332505.1,d__Bacteria;p__Bacillota;c__Bacilli;o__RF39;f__UBA660;g__Onthocola_B;s__Onthocola_B sp944332505,0.022742
22027,contig_1093732,GB_GCA_944358375.1,d__Bacteria;p__Bacillota;c__Bacilli;o__RF39;f__UBA660;g__CAG-1000;s__CAG-1000 sp944358375,0.022742
22028,contig_1093732,GB_GCA_944386385.1,d__Bacteria;p__Bacillota_A;c__Clostridia;o__TANB77;f__CAG-508;g__CAG-269;s__CAG-269 sp944386385,0.020114
22029,contig_1093732,GB_GCA_944391745.1,d__Bacteria;p__Bacillota_A;c__Clostridia;o__TANB77;f__CAG-508;g__CAG-793;s__CAG-793 sp944391745,0.018785
22030,contig_1093732,GB_GCA_944392605.1,d__Bacteria;p__Bacillota_A;c__Clostridia;o__TANB77;f__CAG-508;g__CAG-269;s__CAG-269 sp944392605,0.020114
22031,contig_1093732,RS_GCF_000230835.1,d__Bacteria;p__Bacillota_A;c__Clostridia;o__Clostridiales;f__Clostridiaceae;g__Clostridium;s__Clostridium sp000230835,0.060698
22032,contig_1093732,RS_GCF_000340885.1,d__Bacteria;p__Bacillota_A;c__Clostridia;o__Clostridiales;f__Clostridiaceae;g__Clostridium;s__Clostridium saccharoperbutylacetonicum,0.060698
22033,contig_1093732,RS_GCF_000449425.2,d__Bacteria;p__Bacillota_A;c__Clostridia;o__Peptostreptococcales;f__Peptostreptococcaceae;g__Clostridioides;s__Clostridioides difficile_E,0.051152
22034,contig_1093732,RS_GCF_000621745.1,d__Bacteria;p__Bacillota_A;c__Clostridia;o__Clostridiales;f__Clostridiaceae;g__Clostridium;s__Clostridium beijerinckii_A,0.060698
22035,contig_1093732,RS_GCF_000732635.1,d__Bacteria;p__Bacillota_A;c__Clostridia;o__Clostridiales;f__Clostridiaceae;g__Clostridium_J;s__Clostridium_J sulfidigenes,0.052430
22036,contig_1093732,RS_GCF_000733755.1,d__Bacteria;p__Bacillota_A;c__Clostridia;o__Lachnospirales;f__Lachnospiraceae;g__Lachnoclostridium;s__Lachnoclostridium phytofermentans_A,0.685912
22037,contig_1093732,RS_GCF_000827935.1,d__Bacteria;p__Bacillota_A;c__Clostridia;o__Clostridiales;f__Clostridiaceae;g__Clostridium;s__Clostridium botulinum_A,0.052430
22038,contig_1093732,RS_GCF_001299635.1,d__Bacteria;p__Bacillota_A;c__Clostridia;o__Peptostreptococcales;f__Peptostreptococcaceae;g__Clostridioides;s__Clostridioides difficile_A,0.051152
22039,contig_1093732,RS_GCF_001458595.1,d__Bacteria;p__Bacillota_A;c__Clostridia;o__Clostridiales;f__Clostridiaceae;g__Clostridium;s__Clostridium neonatale,0.060698
22040,contig_1093732,RS_GCF_001559865.1,d__Bacteria;p__Bacillota_A;c__Clostridia;o__Tissierellales;f__MCWD3;g__Abyssisolibacter;s__Abyssisolibacter fermentans,0.073612
22041,contig_1093732,RS_GCF_001591765.1,d__Bacteria;p__Bacillota;c__Bacilli;o__Lactobacillales;f__Streptococcaceae;g__Lactococcus_A;s__Lactococcus_A raffinolactis,0.022473
22042,contig_1093732,RS_GCF_001735765.2,d__Bacteria;p__Bacillota_A;c__Clostridia;o__Clostridiales;f__Clostridiaceae;g__Clostridium;s__Clostridium taeniosporum,0.052430
22043,contig_1093732,RS_GCF_002006345.1,d__Bacteria;p__Bacillota_A;c__Clostridia;o__Clostridiales;f__Clostridiaceae;g__Clostridium;s__Clostridium puniceum,0.060698
22044,contig_1093732,RS_GCF_002127965.1,d__Bacteria;p__Pseudomonadota;c__Gammaproteobacteria;o__Burkholderiales;f__Burkholderiaceae;g__Oxalobacter;s__Oxalobacter formigenes,0.028922
22045,contig_1093732,RS_GCF_002760435.1,d__Bacteria;p__Bacillota_A;c__Clostridia;o__Clostridiales;f__Clostridiaceae;g__Clostridium;s__Clostridium sp002760435,0.060698
22046,contig_1093732,RS_GCF_003024685.1,d__Bacteria;p__Bacillota;c__Bacilli;o__Erysipelotrichales;f__Coprobacillaceae;g__Faecalibacillus;s__Faecalibacillus intestinalis,0.211195
22047,contig_1093732,RS_GCF_006742065.1,d__Bacteria;p__Bacillota_A;c__Clostridia;o__Clostridiales;f__Clostridiaceae;g__Clostridium;s__Clostridium butyricum,0.060698
22048,contig_1093732,RS_GCF_009680455.1,d__Bacteria;p__Bacillota_A;c__Clostridia;o__Lachnospirales;f__Lachnospiraceae;g__Lachnospira;s__Lachnospira eligens_A,0.060952
22049,contig_1093732,RS_GCF_009695605.1,d__Bacteria;p__Bacillota_A;c__Clostridia;o__Tissierellales;f__Tissierellaceae;g__Tissierella;s__Tissierella pigra,0.051152
22050,contig_1093732,RS_GCF_010669225.1,d__Bacteria;p__Bacillota_C;c__Negativicutes;o__Selenomonadales;f__Selenomonadaceae;g__Megamonas;s__Megamonas funiformis,0.043770
22051,contig_1093732,RS_GCF_016765695.1,d__Bacteria;p__Bacillota_A;c__Clostridia;o__Tissierellales;f__VENL01;g__Sporosalibacterium;s__Sporosalibacterium faouarense,0.050929
22052,contig_1093732,RS_GCF_016820635.1,d__Bacteria;p__Bacillota_A;c__Clostridia;o__Tissierellales;f__SIT17;g__Anaeromonas;s__Anaeromonas gelatinilytica,0.073491
22053,contig_1093732,RS_GCF_018128225.1,d__Bacteria;p__Fusobacteriota;c__Fusobacteriia;o__Fusobacteriales;f__Leptotrichiaceae;g__Leptotrichia;s__Leptotrichia sp018128225,0.029942
22054,contig_1093732,RS_GCF_018917865.1,d__Bacteria;p__Bacillota_A;c__Clostridia;o__Tissierellales;f__Tissierellaceae_D;g__Tissierella_C;s__Tissierella_C simiarum,0.051152
22055,contig_1093732,RS_GCF_019431045.1,d__Bacteria;p__Bacillota_A;c__Clostridia;o__Clostridiales;f__Clostridiaceae;g__Clostridium;s__Clostridium weizhouense,0.052430
22056,contig_1093732,RS_GCF_019977655.1,d__Bacteria;p__Bacillota_A;c__Clostridia;o__Clostridiales;f__Clostridiaceae;g__Clostridium;s__Clostridium gelidum,0.060698
22057,contig_1093732,RS_GCF_024460475.1,d__Bacteria;p__Bacillota;c__Bacilli;o__Erysipelotrichales;f__Erysipelotrichaceae;g__Holdemanella;s__Holdemanella sp900556915,0.049467
22058,contig_1093732,RS_GCF_900104115.1,d__Bacteria;p__Bacillota_A;c__Clostridia;o__Clostridiales;f__Clostridiaceae;g__Clostridium;s__Clostridium gasigenes,0.060698
22059,contig_1093732,RS_GCF_900112485.1,d__Bacteria;p__Bacillota_A;c__Clostridia;o__Clostridiales;f__Clostridiaceae;g__Clostridium;s__Clostridium uliginosum,0.052430
22060,contig_1093732,RS_GCF_900128955.1,d__Bacteria;p__Bacillota_A;c__Clostridia;o__Tissierellales;f__Tissierellaceae;g__Tissierella;s__Tissierella praeacuta,0.051152
22061,contig_1093732,RS_GCF_900243075.1,d__Bacteria;p__Bacillota_A;c__Clostridia;o__Peptostreptococcales;f__Peptostreptococcaceae;g__Clostridioides;s__Clostridioides difficile_D,0.051152
22062,contig_1093732,RS_GCF_900290265.1,d__Bacteria;p__Bacillota_A;c__Clostridia;o__Clostridiales;f__Clostridiaceae;g__Clostridium;s__Clostridium cagae,0.052430
22063,contig_1093732,RS_GCF_900461085.1,d__Bacteria;p__Bacillota_A;c__Clostridia;o__Clostridiales;f__Clostridiaceae;g__Clostridium;s__Clostridium baratii,0.060698
10540,contig_1022629,Add_3300026366_1,d__Bacteria;p__Bacillota_A;c__Clostridia;o__Clostridiales;f__Clostridiaceae;g__Clostridium_I;s__,0.068193
10541,contig_1022629,Add_Bog.Labelled.R1.T1.F1.JGI.BFC.metaspades_bin.64_100.00_1.08,d__Bacteria;p__Bacillota_A;c__Clostridia;o__Clostridiales;f__Clostridiaceae;g__Clostridium;s__,0.060698
10542,contig_1022629,Add_Fen.Labelled.R2.T1.F2.JGI.BFC.metaspades_bin.6_87.76_3.48,d__Bacteria;p__Bacillota_A;c__Clostridia;o__Clostridiales;f__Clostridiaceae;g__Clostridium;s__,0.060698
10543,contig_1022629,Add_Fen.Labelled.R3.T1.F2.JGI.BFC.metaspades_bin.26_80.66_5.49,d__Bacteria;p__Bacillota_A;c__Clostridia;o__Clostridiales;f__Clostridiaceae;g__Clostridium;s__,0.060698
10544,contig_1022629,Add_Fen.Unlabelled.R1.T1.F1.JGI.BFC.metaspades_bin.15_79.61_4.68,d__Bacteria;p__Bacillota_A;c__Clostridia;o__Clostridiales;f__Clostridiaceae;g__Clostridium;s__,0.060698
10545,contig_1022629,Add_STM_0716_E_M_E026_A_bin.32,d__Bacteria;p__Bacillota_A;c__Clostridia;o__Clostridiales;f__Clostridiaceae;g__Clostridium;s__,0.035706
10546,contig_1022629,Add_STM_0716_E_M_E026_E030_E034_A_multi_bin.55,d__Bacteria;p__Bacillota_A;c__Clostridia;o__Clostridiales;f__Caloramatoraceae;g__;s__,0.051152
10547,contig_1022629,Add_STM_0716_E_M_E026_E030_E034_D_multi_bin.46,d__Bacteria;p__Bacillota_A;c__Clostridia;o__Clostridiales;f__Clostridiaceae;g__Clostridium;s__,0.048327
10548,contig_1022629,Add_STM_0716_E_M_E026_E030_E034_D_multi_bin.57,d__Bacteria;p__Bacillota_A;c__Clostridia;o__Clostridiales;f__Clostridiaceae;g__Clostridium;s__,0.060698
10549,contig_1022629,Add_STM_0716_E_M_E026_E050_A_bin.98,d__Bacteria;p__Bacillota_A;c__Clostridia;o__Clostridiales;f__Clostridiaceae;g__Clostridium;s__,0.048327
10550,contig_1022629,Add_STM_0716_E_M_E034_E058_A_bin.128,d__Bacteria;p__Bacillota_A;c__Clostridia;o__Clostridiales;f__Clostridiaceae;g__Clostridium;s__,0.048327
10551,contig_1022629,Add_STM_0716_E_M_E034_E058_A_bin.85,d__Bacteria;p__Bacillota_A;c__Clostridia;o__Clostridiales;f__Clostridiaceae;g__;s__,0.068193
10552,contig_1022629,Add_STM_0716_E_M_E050_E054_E058_A_bin.156,d__Bacteria;p__Bacillota_A;c__Clostridia;o__Clostridiales;f__Clostridiaceae;g__Clostridium;s__,0.048327
10553,contig_1022629,Add_STM_0716_E_M_E050_E054_E058_D_bin.80,d__Archaea;p__Methanobacteriota;c__Methanobacteria;o__Methanobacteriales;f__Methanobacteriaceae;g__Methanobacterium_B;s__,0.009826
10554,contig_1022629,Add_STM_0716_E_M_E054_A_bin.52,d__Bacteria;p__Bacillota_A;c__Clostridia;o__Clostridiales;f__Clostridiaceae;g__Clostridium;s__,0.060698
10555,contig_1022629,Add_STM_0716_E_M_E069_D_bin.56,d__Bacteria;p__Bacillota_A;c__Clostridia;o__Clostridiales;f__Clostridiaceae;g__Clostridium;s__,0.048327
10556,contig_1022629,Add_STM_0716_E_M_E069_E061_E_bin.45,d__Bacteria;p__Bacillota_A;c__Clostridia;o__Clostridiales;f__Clostridiaceae;g__Clostridium_AM;s__,0.068193
10557,contig_1022629,Add_STM_0716_E_M_E069_E061_E_bin.70,d__Bacteria;p__Bacillota_A;c__Clostridia;o__Clostridiales;f__Clostridiaceae;g__Clostridium;s__,0.035706
10558,contig_1022629,Add_STM_0716_E_M_E069_E065_A_bin.5,d__Bacteria;p__Bacillota_A;c__Clostridia;o__Clostridiales;f__Clostridiaceae;g__Clostridium;s__,0.048327
10559,contig_1022629,Add_STM_0716_E_M_E069_I_bin.13,d__Bacteria;p__Bacillota_A;c__Clostridia;o__Clostridiales;f__Clostridiaceae;g__Clostridium;s__,0.048327
10560,contig_1022629,GB_GCA_000020605.1,d__Bacteria;p__Bacillota_A;c__Clostridia;o__Lachnospirales;f__Lachnospiraceae;g__Agathobacter;s__Agathobacter rectalis,0.048859
10561,contig_1022629,GB_GCA_000431335.1,d__Bacteria;p__Bacillota_A;c__Clostridia;o__TANB77;f__CAG-508;g__CAG-269;s__CAG-269 sp000431335,0.024722
10562,contig_1022629,GB_GCA_000435595.1,d__Bacteria;p__Bacillota_A;c__Clostridia;o__Lachnospirales;f__Lachnospiraceae;g__CAG-882;s__CAG-882 sp000435595,0.060952
10563,contig_1022629,GB_GCA_000437315.1,d__Bacteria;p__Bacillota;c__Bacilli;o__RF39;f__UBA660;g__UBA6448;s__UBA6448 sp000437315,0.024865
10564,contig_1022629,GB_GCA_000437355.1,d__Bacteria;p__Bacillota;c__Bacilli;o__RF39;f__UBA660;g__Onthocola_B;s__Onthocola_B sp000437355,0.024865
10565,contig_1022629,GB_GCA_002437665.1,d__Bacteria;p__Pseudomonadota;c__Alphaproteobacteria;o__Rs-D84;f__Rs-D84;g__Enterousia;s__Enterousia sp002437665,0.015261
10566,contig_1022629,GB_GCA_003507395.1,d__Bacteria;p__Bacillota_A;c__Clostridia;o__TANB77;f__CAG-508;g__CAG-273;s__CAG-273 sp003507395,0.035706
10567,contig_1022629,GB_GCA_003525075.1,d__Bacteria;p__Bacillota_A;c__Clostridia;o__TANB77;f__CAG-508;g__CAG-269;s__CAG-269 sp003525075,0.024722
10568,contig_1022629,GB_GCA_003858585.1,d__Bacteria;p__Bacillota;c__Bacilli;o__Erysipelotrichales;f__Erysipelotrichaceae;g__RQZE01;s__RQZE01 sp003858585,0.079481
10569,contig_1022629,GB_GCA_012837865.1,d__Bacteria;p__Bacillota_A;c__Clostridia;o__Lachnospirales;f__Lachnospiraceae;g__Mobilitalea;s__Mobilitalea sp012837865,0.039447
10570,contig_1022629,GB_GCA_015058475.1,d__Bacteria;p__Bacillota_A;c__Clostridia;o__Clostridiales;f__Clostridiaceae;g__Clostridium;s__Clostridium butyricum_B,0.060698
10571,contig_1022629,GB_GCA_015059155.1,d__Bacteria;p__Bacillota;c__Bacilli;o__RF39;f__UBA660;g__UMGS1613;s__UMGS1613 sp015059155,0.030832
10572,contig_1022629,GB_GCA_016297695.1,d__Bacteria;p__Bacillota;c__Bacilli;o__RF39;f__UBA660;g__RUG14121;s__RUG14121 sp016297695,0.040908
10573,contig_1022629,GB_GCA_017404025.1,d__Bacteria;p__Bacillota_A;c__Clostridia;o__TANB77;f__CAG-508;g__CAG-269;s__CAG-269 sp017404025,0.035706
10574,contig_1022629,GB_GCA_017410505.1,d__Bacteria;p__Bacillota_A;c__Clostridia;o__TANB77;f__CAG-508;g__CAG-269;s__CAG-269 sp017410505,0.024722
10575,contig_1022629,GB_GCA_017429505.1,d__Bacteria;p__Bacillota_A;c__Clostridia;o__TANB77;f__CAG-508;g__CAG-269;s__CAG-269 sp017429505,0.024722
10576,contig_1022629,GB_GCA_017458285.1,d__Bacteria;p__Bacillota_A;c__Clostridia;o__TANB77;f__CAG-508;g__CAG-269;s__CAG-269 sp017458285,0.024722
10577,contig_1022629,GB_GCA_017936925.1,d__Bacteria;p__Bacillota_A;c__Clostridia;o__TANB77;f__CAG-508;g__UMGS1994;s__UMGS1994 sp017936925,0.044676
10578,contig_1022629,GB_GCA_018830325.1,d__Bacteria;p__Pseudomonadota;c__Gammaproteobacteria;o__Methylococcales;f__Methylomonadaceae;g__Methylotuvimicrobium;s__Methylotuvimicrobium sp018830325,0.079847
10579,contig_1022629,GB_GCA_019417465.1,d__Bacteria;p__Bacillota_A;c__Clostridia;o__TANB77;f__CAG-508;g__CAG-492;s__CAG-492 sp019417465,0.044676
10580,contig_1022629,GB_GCA_021781745.1,d__Bacteria;p__Bacillota_A;c__Clostridia;o__Clostridiales;f__Clostridiaceae;g__Clostridium;s__Clostridium sp021781745,0.060698
10581,contig_1022629,GB_GCA_022782605.1,d__Bacteria;p__Bacillota_A;c__Clostridia;o__Peptostreptococcales;f__Peptostreptococcaceae;g__Terrisporobacter;s__Terrisporobacter sp022782605,0.052430
10582,contig_1022629,GB_GCA_023229785.1,d__Bacteria;p__Patescibacteria;c__Dojkabacteria;o__SC72;f__SC72;g__JALNYV01;s__JALNYV01 sp023229785,0.028922
10583,contig_1022629,GB_GCA_025055285.1,d__Bacteria;p__Bacteroidota;c__Bacteroidia;o__Chitinophagales;f__Saprospiraceae;g__M3007;s__M3007 sp025055285,0.017827
10584,contig_1022629,GB_GCA_025148445.1,d__Bacteria;p__Bacillota_A;c__Clostridia;o__Lachnospirales;f__Lachnospiraceae;g__Butyrivibrio_A;s__Butyrivibrio_A crossotus,0.060952
10585,contig_1022629,GB_GCA_025149465.1,d__Bacteria;p__Bacillota;c__Bacilli;o__Erysipelotrichales;f__Coprobacillaceae;g__Thomasclavelia;s__Thomasclavelia spiroformis,0.670407
10586,contig_1022629,GB_GCA_900112995.1,d__Bacteria;p__Bacillota_A;c__Clostridia;o__Lachnospirales;f__Lachnospiraceae;g__Lachnospira;s__Lachnospira rogosae,0.052101
10587,contig_1022629,GB_GCA_900540255.1,d__Bacteria;p__Bacillota_A;c__Clostridia;o__Clostridiales;f__Clostridiaceae;g__Clostridium;s__Clostridium sp900540255,0.060698
10588,contig_1022629,GB_GCA_900553225.1,d__Bacteria;p__Bacillota_A;c__Clostridia;o__TANB77;f__CAG-508;g__CAG-492;s__CAG-492 sp900553225,0.044676
10589,contig_1022629,GB_GCA_900553365.1,d__Bacteria;p__Bacillota_A;c__Clostridia;o__TANB77;f__CAG-508;g__UMGS1781;s__UMGS1781 sp900553365,0.035706
10590,contig_1022629,GB_GCA_900553755.1,d__Bacteria;p__Bacillota_A;c__Clostridia;o__TANB77;f__CAG-508;g__UMGS1901;s__UMGS1901 sp900553755,0.024722
10591,contig_1022629,GB_GCA_900553855.1,d__Bacteria;p__Bacillota;c__Bacilli;o__RF39;f__UBA660;g__CAG-533;s__CAG-533 sp900553855,0.030832
10592,contig_1022629,GB_GCA_900554365.1,d__Bacteria;p__Bacillota_A;c__Clostridia;o__TANB77;f__CAG-508;g__CAG-269;s__CAG-269 sp900554365,0.020114
10593,contig_1022629,GB_GCA_900555615.1,d__Bacteria;p__Bacillota_A;c__Clostridia;o__TANB77;f__CAG-508;g__CAG-269;s__CAG-269 sp900555615,0.024722
10594,contig_1022629,GB_GCA_900557045.1,d__Bacteria;p__Bacillota_A;c__Clostridia;o__TANB77;f__CAG-508;g__CAG-492;s__CAG-492 sp900557045,0.035706
10595,contig_1022629,GB_GCA_900758165.1,d__Bacteria;p__Bacillota_A;c__Clostridia;o__TANB77;f__CAG-508;g__CAG-245;s__CAG-245 sp900758165,0.024722
10596,contig_1022629,GB_GCA_900762425.1,d__Bacteria;p__Bacillota_A;c__Clostridia;o__TANB77;f__CAG-508;g__CAG-269;s__CAG-269 sp900762425,0.018785
10597,contig_1022629,GB_GCA_902406115.1,d__Bacteria;p__Bacillota_A;c__Clostridia;o__TANB77;f__CAG-508;g__CAG-273;s__CAG-273 sp902406115,0.035706
10598,contig_1022629,GB_GCA_902785295.1,d__Bacteria;p__Bacillota_A;c__Clostridia;o__Clostridiales;f__Clostridiaceae;g__Clostridium;s__Clostridium sp902785295,0.060698
10599,contig_1022629,GB_GCA_902787685.1,d__Bacteria;p__Bacillota_A;c__Clostridia;o__TANB77;f__CAG-508;g__CAG-269;s__CAG-269 sp902787685,0.018785
10600,contig_1022629,GB_GCA_905215145.1,d__Bacteria;p__Bacillota;c__Bacilli;o__RF39;f__UBA660;g__UMGS872;s__UMGS872 sp905215145,0.040908
10601,contig_1022629,GB_GCA_905215845.1,d__Bacteria;p__Bacillota_A;c__Clostridia;o__TANB77;f__CAG-508;g__CAG-269;s__CAG-269 sp905215845,0.024722
10602,contig_1022629,GB_GCA_910588715.1,d__Bacteria;p__Bacillota_A;c__Clostridia;o__Clostridiales;f__Clostridiaceae;g__Clostridium;s__Clostridium sp910588715,0.060698
10603,contig_1022629,GB_GCA_930980855.1,d__Bacteria;p__Bacillota_A;c__Clostridia;o__TANB77;f__CAG-508;g__CAG-793;s__CAG-793 sp930980855,0.020114
10604,contig_1022629,GB_GCA_930986425.1,d__Bacteria;p__Bacillota_A;c__Clostridia;o__TANB77;f__CAG-508;g__CAG-793;s__CAG-793 sp930986425,0.018785
10605,contig_1022629,GB_GCA_930990555.1,d__Bacteria;p__Bacillota_A;c__Clostridia;o__TANB77;f__CAG-508;g__Merdicola;s__Merdicola sp930990555,0.024722
10606,contig_1022629,GB_GCA_934086395.1,d__Bacteria;p__Bacillota;c__Bacilli;o__RF39;f__UBA660;g__CAG-533;s__CAG-533 sp934086395,0.030832
10607,contig_1022629,GB_GCA_934096295.1,d__Bacteria;p__Bacillota;c__Bacilli;o__RF39;f__UBA660;g__Onthocola_B;s__Onthocola_B sp934096295,0.022742
10608,contig_1022629,GB_GCA_934098385.1,d__Bacteria;p__Bacillota;c__Bacilli;o__RF39;f__UBA660;g__UMGS1124;s__UMGS1124 sp934098385,0.030832
10609,contig_1022629,GB_GCA_934121885.1,d__Bacteria;p__Bacillota_A;c__Clostridia;o__TANB77;f__CAG-508;g__CAG-273;s__CAG-273 sp934121885,0.035706
10610,contig_1022629,GB_GCA_934122235.1,d__Bacteria;p__Bacillota_A;c__Clostridia;o__TANB77;f__CAG-508;g__CAKPQL01;s__CAKPQL01 sp934122235,0.060698
10611,contig_1022629,GB_GCA_934129895.1,d__Bacteria;p__Bacillota_A;c__Clostridia;o__TANB77;f__CAG-508;g__CAG-269;s__CAG-269 sp934129895,0.024722
10612,contig_1022629,GB_GCA_934130435.1,d__Bacteria;p__Bacillota_A;c__Clostridia;o__TANB77;f__CAG-508;g__HGM13634;s__HGM13634 sp934130435,0.035706
10613,contig_1022629,GB_GCA_934130705.1,d__Bacteria;p__Bacillota_A;c__Clostridia;o__TANB77;f__CAG-508;g__CAG-269;s__CAG-269 sp934130705,0.018785
10614,contig_1022629,GB_GCA_934130935.1,d__Bacteria;p__Bacillota_A;c__Clostridia;o__TANB77;f__CAG-508;g__CAG-269;s__CAG-269 sp934130935,0.024722
10615,contig_1022629,GB_GCA_934133005.1,d__Bacteria;p__Bacillota_A;c__Clostridia;o__TANB77;f__CAG-508;g__CAG-245;s__CAG-245 sp934133005,0.018785
10616,contig_1022629,GB_GCA_934140575.1,d__Bacteria;p__Bacillota;c__Bacilli;o__RF39;f__UBA660;g__UBA3789;s__UBA3789 sp934140575,0.030832
10617,contig_1022629,GB_GCA_934149075.1,d__Bacteria;p__Bacillota_A;c__Clostridia;o__TANB77;f__CAG-508;g__CAG-269;s__CAG-269 sp934149075,0.024722
10618,contig_1022629,GB_GCA_934149165.1,d__Bacteria;p__Bacillota_A;c__Clostridia;o__TANB77;f__CAG-508;g__CAG-492;s__CAG-492 sp934149165,0.035706
10619,contig_1022629,GB_GCA_934167135.1,d__Bacteria;p__Bacillota_A;c__Clostridia;o__TANB77;f__CAG-508;g__CAG-269;s__CAG-269 sp934167135,0.024722
10620,contig_1022629,GB_GCA_934167465.1,d__Bacteria;p__Bacillota;c__Bacilli;o__RF39;f__UBA660;g__CAJOJO01;s__CAJOJO01 sp934167465,0.040908
10621,contig_1022629,GB_GCA_934167755.1,d__Bacteria;p__Bacillota_A;c__Clostridia;o__TANB77;f__CAG-508;g__CAG-269;s__CAG-269 sp934167755,0.024722
10622,contig_1022629,GB_GCA_934167965.1,d__Bacteria;p__Bacillota_A;c__Clostridia;o__TANB77;f__CAG-508;g__CAG-269;s__CAG-269 sp934167965,0.024722
10623,contig_1022629,GB_GCA_934177795.1,d__Bacteria;p__Bacillota_A;c__Clostridia;o__TANB77;f__CAG-508;g__CAG-269;s__CAG-269 sp934177795,0.024722
10624,contig_1022629,GB_GCA_934178555.1,d__Bacteria;p__Bacillota_A;c__Clostridia;o__TANB77;f__CAG-508;g__CAKPQL01;s__CAKPQL01 sp934178555,0.080144
10625,contig_1022629,GB_GCA_934182605.1,d__Bacteria;p__Bacillota_A;c__Clostridia;o__TANB77;f__CAG-508;g__CALXUC01;s__CALXUC01 sp934182605,0.060698
10626,contig_1022629,GB_GCA_934183165.1,d__Bacteria;p__Bacillota;c__Bacilli;o__RF39;f__UBA660;g__CAG-710;s__CAG-710 sp934183165,0.040908
10627,contig_1022629,GB_GCA_934183255.1,d__Bacteria;p__Bacillota;c__Bacilli;o__RFN20;f__DUOF01;g__CALVUJ01;s__CALVUJ01 sp934183255,0.045473
10628,contig_1022629,GB_GCA_934183305.1,d__Bacteria;p__Bacillota_A;c__Clostridia;o__TANB77;f__CAG-508;g__HGM13634;s__HGM13634 sp934183305,0.035706
10629,contig_1022629,GB_GCA_944332505.1,d__Bacteria;p__Bacillota;c__Bacilli;o__RF39;f__UBA660;g__Onthocola_B;s__Onthocola_B sp944332505,0.022742
10630,contig_1022629,GB_GCA_944371325.1,d__Bacteria;p__Bacillota;c__Bacilli;o__RF39;f__UBA660;g__Faecisoma;s__Faecisoma sp944371325,0.030832
10631,contig_1022629,GB_GCA_944372455.1,d__Bacteria;p__Bacillota;c__Bacilli;o__RF39;f__UBA660;g__SIG205;s__SIG205 sp944372455,0.092571
10632,contig_1022629,GB_GCA_944386385.1,d__Bacteria;p__Bacillota_A;c__Clostridia;o__TANB77;f__CAG-508;g__CAG-269;s__CAG-269 sp944386385,0.020114
10633,contig_1022629,GB_GCA_944386415.1,d__Bacteria;p__Bacillota_A;c__Clostridia;o__TANB77;f__CAG-508;g__CAG-269;s__CAG-269 sp944386415,0.020114
10634,contig_1022629,GB_GCA_944386665.1,d__Bacteria;p__Bacillota_A;c__Clostridia;o__TANB77;f__CAG-508;g__CAG-245;s__CAG-245 sp944386665,0.024722
10635,contig_1022629,GB_GCA_944386695.1,d__Bacteria;p__Bacillota_A;c__Clostridia;o__TANB77;f__CAG-508;g__CAG-269;s__CAG-269 sp944386695,0.018785
10636,contig_1022629,GB_GCA_944386735.1,d__Bacteria;p__Bacillota_A;c__Clostridia;o__TANB77;f__CAG-508;g__CAG-269;s__CAG-269 sp944386735,0.020114
10637,contig_1022629,GB_GCA_944387405.1,d__Bacteria;p__Bacillota_A;c__Clostridia;o__TANB77;f__CAG-508;g__UMGS1994;s__UMGS1994 sp944387405,0.044676
10638,contig_1022629,GB_GCA_944387555.1,d__Bacteria;p__Bacillota_A;c__Clostridia;o__TANB77;f__CAG-508;g__CAG-269;s__CAG-269 sp944387555,0.018785
10639,contig_1022629,GB_GCA_944388605.1,d__Bacteria;p__Bacillota_A;c__Clostridia;o__TANB77;f__CAG-508;g__CALXJJ01;s__CALXJJ01 sp944388605,0.024722
10640,contig_1022629,GB_GCA_944391745.1,d__Bacteria;p__Bacillota_A;c__Clostridia;o__TANB77;f__CAG-508;g__CAG-793;s__CAG-793 sp944391745,0.018785
10641,contig_1022629,GB_GCA_944391965.1,d__Bacteria;p__Bacillota_A;c__Clostridia;o__TANB77;f__CAG-508;g__Merdicola;s__Merdicola sp944391965,0.024722
10642,contig_1022629,GB_GCA_944392515.1,d__Bacteria;p__Bacillota_A;c__Clostridia;o__TANB77;f__CAG-508;g__CAG-793;s__CAG-793 sp944392515,0.020114
10643,contig_1022629,GB_GCA_944392545.1,d__Bacteria;p__Bacillota_A;c__Clostridia;o__TANB77;f__CAG-508;g__CAG-273;s__CAG-273 sp944392545,0.024722
10644,contig_1022629,GB_GCA_944392605.1,d__Bacteria;p__Bacillota_A;c__Clostridia;o__TANB77;f__CAG-508;g__CAG-269;s__CAG-269 sp944392605,0.020114
10645,contig_1022629,GB_GCA_944392945.1,d__Bacteria;p__Bacillota_A;c__Clostridia;o__TANB77;f__CAG-508;g__Merdicola;s__Merdicola sp944392945,0.024722
10646,contig_1022629,GB_GCA_944393275.1,d__Bacteria;p__Bacillota_A;c__Clostridia;o__TANB77;f__CAG-508;g__Merdicola;s__Merdicola sp944393275,0.044676
10647,contig_1022629,GB_GCA_944393405.1,d__Bacteria;p__Bacillota_A;c__Clostridia;o__TANB77;f__CAG-508;g__CAG-273;s__CAG-273 sp944393405,0.035706
10648,contig_1022629,RS_GCF_000014725.1,d__Bacteria;p__Bacillota_B;c__Syntrophomonadia;o__Syntrophomonadales;f__Syntrophomonadaceae;g__Syntrophomonas;s__Syntrophomonas wolfei,0.031811
10649,contig_1022629,RS_GCF_000144405.1,d__Bacteria;p__Bacteroidota;c__Bacteroidia;o__Bacteroidales;f__Bacteroidaceae;g__Prevotella;s__Prevotella melaninogenica,0.011856
10650,contig_1022629,RS_GCF_000285575.1,d__Bacteria;p__Bacillota_A;c__Clostridia;o__Clostridiales;f__Clostridiaceae;g__Clostridium_J;s__Clostridium_J senegalense,0.068193
10651,contig_1022629,RS_GCF_000401215.1,d__Bacteria;p__Bacillota_A;c__Clostridia;o__Clostridiales;f__Clostridiaceae;g__Clostridium;s__Clostridium sartagoforme_A,0.052430
10652,contig_1022629,RS_GCF_000439105.1,d__Bacteria;p__Bacillota_A;c__Clostridia;o__Peptostreptococcales;f__Peptostreptococcaceae;g__Terrisporobacter;s__Terrisporobacter glycolicus,0.052430
10653,contig_1022629,RS_GCF_000612845.1,d__Bacteria;p__Bacillota_A;c__Clostridia;o__Clostridiales;f__Clostridiaceae;g__Clostridium_J;s__Clostridium_J ihumii,0.068193
10654,contig_1022629,RS_GCF_000733755.1,d__Bacteria;p__Bacillota_A;c__Clostridia;o__Lachnospirales;f__Lachnospiraceae;g__Lachnoclostridium;s__Lachnoclostridium phytofermentans_A,0.685912
10655,contig_1022629,RS_GCF_001404675.1,d__Bacteria;p__Bacillota_A;c__Clostridia;o__Lachnospirales;f__Lachnospiraceae;g__Coprococcus;s__Coprococcus eutactus_A,0.039149
10656,contig_1022629,RS_GCF_001458595.1,d__Bacteria;p__Bacillota_A;c__Clostridia;o__Clostridiales;f__Clostridiaceae;g__Clostridium;s__Clostridium neonatale,0.060698
10657,contig_1022629,RS_GCF_002127965.1,d__Bacteria;p__Pseudomonadota;c__Gammaproteobacteria;o__Burkholderiales;f__Burkholderiaceae;g__Oxalobacter;s__Oxalobacter formigenes,0.028922
10658,contig_1022629,RS_GCF_002763915.1,d__Bacteria;p__Fusobacteriota;c__Fusobacteriia;o__Fusobacteriales;f__Fusobacteriaceae;g__Fusobacterium;s__Fusobacterium periodonticum_D,0.109440
10659,contig_1022629,RS_GCF_003024685.1,d__Bacteria;p__Bacillota;c__Bacilli;o__Erysipelotrichales;f__Coprobacillaceae;g__Faecalibacillus;s__Faecalibacillus intestinalis,0.211195
10660,contig_1022629,RS_GCF_004353185.1,d__Bacteria;p__Bacillota_A;c__Clostridia;o__Clostridiales;f__Clostridiaceae;g__Clostridium;s__Clostridium cuniculi,0.052430
10661,contig_1022629,RS_GCF_009928485.1,d__Bacteria;p__Bacillota_A;c__Clostridia;o__Clostridiales;f__Clostridiaceae;g__Clostridium;s__Clostridium sp009928485,0.060698
10662,contig_1022629,RS_GCF_015667795.1,d__Bacteria;p__Bacillota_A;c__Clostridia;o__Clostridiales;f__Clostridiaceae;g__Clostridium;s__Clostridium sp015667795,0.052430
10663,contig_1022629,RS_GCF_017312485.1,d__Bacteria;p__Bacillota_A;c__Clostridia;o__Clostridiales;f__Clostridiaceae;g__Clostridium_AR;s__Clostridium_AR zeae,0.068193
10664,contig_1022629,RS_GCF_017873955.1,d__Bacteria;p__Bacillota_A;c__Clostridia;o__Tissierellales;f__Sedimentibacteraceae;g__Sedimentibacter;s__Sedimentibacter acidaminivorans,0.052430
10665,contig_1022629,RS_GCF_018861755.1,d__Bacteria;p__Bacillota_A;c__Clostridia;o__Clostridiales;f__Clostridiaceae;g__Clostridium_AD;s__Clostridium_AD sp018861755,0.052430
10666,contig_1022629,RS_GCF_019977655.1,d__Bacteria;p__Bacillota_A;c__Clostridia;o__Clostridiales;f__Clostridiaceae;g__Clostridium;s__Clostridium gelidum,0.060698
10667,contig_1022629,RS_GCF_020748465.1,d__Bacteria;p__Bacillota_A;c__Clostridia;o__Peptostreptococcales;f__Peptostreptococcaceae;g__Terrisporobacter;s__Terrisporobacter mayombei,0.052430
10668,contig_1022629,RS_GCF_024460475.1,d__Bacteria;p__Bacillota;c__Bacilli;o__Erysipelotrichales;f__Erysipelotrichaceae;g__Holdemanella;s__Holdemanella sp900556915,0.049467
10669,contig_1022629,RS_GCF_900141845.1,d__Bacteria;p__Bacillota_A;c__Clostridia;o__Clostridiales;f__Clostridiaceae;g__Clostridium_AG;s__Clostridium_AG cavendishii,0.051152
10670,contig_1022629,RS_GCF_900461085.1,d__Bacteria;p__Bacillota_A;c__Clostridia;o__Clostridiales;f__Clostridiaceae;g__Clostridium;s__Clostridium baratii,0.060698