sample_treatment_day,replicate,Sample,treatment,day,treatment_day_replicate
STM_0716_E_M_E002_unamended_0,1,STM_0716_E_M_E002,unamended,0,unamended_0_1
STM_0716_E_M_E003_unamended_0,2,STM_0716_E_M_E003,unamended,0,unamended_0_2
STM_0716_E_M_E004_unamended_0,3,STM_0716_E_M_E004,unamended,0,unamended_0_3
STM_0716_E_M_E025_unamended_14,1,STM_0716_E_M_E025,unamended,14,unamended_14_1
STM_0716_E_M_E027_unamended_14,2,STM_0716_E_M_E027,unamended,14,unamended_14_2
STM_0716_E_M_E033_catechin_14,1,STM_0716_E_M_E033,catechin,14,catechin_14_1
STM_0716_E_M_E034_catechin_14,2,STM_0716_E_M_E034,catechin,14,catechin_14_2
STM_0716_E_M_E035_catechin_14,3,STM_0716_E_M_E035,catechin,14,catechin_14_3
STM_0716_E_M_E050_unamended_21,1,STM_0716_E_M_E050,unamended,21,unamended_21_1
STM_0716_E_M_E051_unamended_21,2,STM_0716_E_M_E051,unamended,21,unamended_21_2
STM_0716_E_M_E052_unamended_21,3,STM_0716_E_M_E052,unamended,21,unamended_21_3
STM_0716_E_M_E058_catechin_21,1,STM_0716_E_M_E058,catechin,21,catechin_21_1
STM_0716_E_M_E059_catechin_21,2,STM_0716_E_M_E059,catechin,21,catechin_21_2
STM_0716_E_M_E060_catechin_21,3,STM_0716_E_M_E060,catechin,21,catechin_21_3
STM_0716_E_M_E062_unamended_35,1,STM_0716_E_M_E062,unamended,35,unamended_35_1
STM_0716_E_M_E063_unamended_35,2,STM_0716_E_M_E063,unamended,35,unamended_35_2
STM_0716_E_M_E064_unamended_35,3,STM_0716_E_M_E064,unamended,35,unamended_35_3
STM_0716_E_M_E070_catechin_35,1,STM_0716_E_M_E070,catechin,35,catechin_35_1
STM_0716_E_M_E071_catechin_35,2,STM_0716_E_M_E071,catechin,35,catechin_35_2
STM_0716_E_M_E072_catechin_35,3,STM_0716_E_M_E072,catechin,35,catechin_35_3
STM_0716_E_M_E121_unamended_07,1,STM_0716_E_M_E121,unamended,07,unamended_07_1
STM_0716_E_M_E122_unamended_07,2,STM_0716_E_M_E122,unamended,07,unamended_07_2
STM_0716_E_M_E123_unamended_07,3,STM_0716_E_M_E123,unamended,07,unamended_07_3
STM_0716_E_M_E129_catechin_07,1,STM_0716_E_M_E129,catechin,07,catechin_07_1
STM_0716_E_M_E130_catechin_07,2,STM_0716_E_M_E130,catechin,07,catechin_07_2
STM_0716_E_M_E131_catechin_07,3,STM_0716_E_M_E131,catechin,07,catechin_07_3
